word2vec,epoch,batch_size,hidden_dim,activate_func,optimizer,learning_rate,l2_regular,dropout_rate,accuracy,precision,recall,f1,auc
w2v_jawiki_d200_w12.model,200,64,100,tanh,adam,0.1,0.0,0.0,0.4271457085828344,0.4271457085828344,1.0,0.5986013986013986,0.5
w2v_jawiki_d200_w12.model,300,64,100,tanh,adam,0.1,0.0,0.0,0.4271457085828344,0.4271457085828344,1.0,0.5986013986013986,0.5
w2v_jawiki_d200_w12.model,400,64,100,tanh,adam,0.1,0.0,0.0,0.4271457085828344,0.4271457085828344,1.0,0.5986013986013986,0.5
w2v_jawiki_d200_w12.model,200,64,100,tanh,adam,0.1,0.001,0.0,0.4271457085828344,0.4271457085828344,1.0,0.5986013986013986,0.5
w2v_jawiki_d200_w12.model,300,64,100,tanh,adam,0.1,0.001,0.0,0.4271457085828344,0.4271457085828344,1.0,0.5986013986013986,0.5
w2v_jawiki_d200_w12.model,400,64,100,tanh,adam,0.1,0.001,0.0,0.4271457085828344,0.4271457085828344,1.0,0.5986013986013986,0.5
w2v_jawiki_d200_w12.model,200,64,100,tanh,adam,0.01,0.0,0.0,0.7365269461077845,0.6990291262135923,0.6728971962616822,0.6857142857142857,0.7284346608486112
w2v_jawiki_d200_w12.model,300,64,100,tanh,adam,0.01,0.0,0.0,0.7425149700598802,0.7157360406091371,0.6588785046728972,0.6861313868613139,0.7318782767266926
w2v_jawiki_d200_w12.model,400,64,100,tanh,adam,0.01,0.0,0.0,0.7385229540918163,0.7150259067357513,0.6448598130841121,0.6781326781326781,0.7266110912110456
w2v_jawiki_d200_w12.model,200,64,100,tanh,adam,0.01,0.001,0.0,0.7844311377245509,0.7731958762886598,0.7009345794392523,0.7352941176470589,0.7738122374548178
w2v_jawiki_d200_w12.model,300,64,100,tanh,adam,0.01,0.001,0.0,0.7904191616766467,0.7945945945945946,0.6869158878504673,0.7368421052631579,0.7772558533328991
w2v_jawiki_d200_w12.model,400,64,100,tanh,adam,0.01,0.001,0.0,0.7964071856287425,0.7772277227722773,0.7336448598130841,0.7548076923076923,0.7884252173629879
w2v_jawiki_d200_w12.model,200,64,100,tanh,adam,0.001,0.0,0.0,0.8183632734530938,0.7757847533632287,0.8084112149532711,0.7917620137299771,0.8170975935393533
w2v_jawiki_d200_w12.model,300,64,100,tanh,adam,0.001,0.0,0.0,0.7904191616766467,0.7632850241545893,0.7383177570093458,0.7505938242280285,0.7837930248461362
w2v_jawiki_d200_w12.model,400,64,100,tanh,adam,0.001,0.0,0.0,0.7944111776447106,0.7655502392344498,0.7476635514018691,0.7565011820330969,0.788465922042398
w2v_jawiki_d200_w12.model,200,64,100,tanh,adam,0.001,0.001,0.0,0.8283433133732535,0.8047619047619048,0.7897196261682243,0.7971698113207547,0.8234312416555407
w2v_jawiki_d200_w12.model,300,64,100,tanh,adam,0.001,0.001,0.0,0.8423153692614771,0.7973568281938326,0.8457943925233645,0.8208616780045351,0.8427578234393827
w2v_jawiki_d200_w12.model,400,64,100,tanh,adam,0.001,0.001,0.0,0.8383233532934131,0.8275862068965517,0.7850467289719626,0.8057553956834532,0.8315477547298836
w2v_jawiki_d200_w12.model,200,64,100,tanh,sgd,0.1,0.0,0.0,0.7944111776447106,0.7733990147783252,0.7336448598130841,0.7529976019184652,0.7866830570842424
w2v_jawiki_d200_w12.model,300,64,100,tanh,sgd,0.1,0.0,0.0,0.8003992015968064,0.7794117647058824,0.7429906542056075,0.7607655502392344,0.7930981145592497
w2v_jawiki_d200_w12.model,400,64,100,tanh,sgd,0.1,0.0,0.0,0.7984031936127745,0.7810945273631841,0.7336448598130841,0.7566265060240964,0.7901673776417337
w2v_jawiki_d200_w12.model,200,64,100,tanh,sgd,0.1,0.001,0.0,0.7824351297405191,0.7464788732394366,0.7429906542056075,0.7447306791569087,0.7774186720505389
w2v_jawiki_d200_w12.model,300,64,100,tanh,sgd,0.1,0.001,0.0,0.7864271457085829,0.7661691542288557,0.7196261682242991,0.7421686746987952,0.7779315510111042
w2v_jawiki_d200_w12.model,400,64,100,tanh,sgd,0.1,0.001,0.0,0.7924151696606786,0.7777777777777778,0.7196261682242991,0.7475728155339806,0.7831580318473411
w2v_jawiki_d200_w12.model,200,64,100,tanh,sgd,0.01,0.0,0.0,0.7944111776447106,0.7681159420289855,0.7429906542056075,0.7553444180522565,0.7878716337230128
w2v_jawiki_d200_w12.model,300,64,100,tanh,sgd,0.01,0.0,0.0,0.7904191616766467,0.7558685446009391,0.7523364485981309,0.7540983606557377,0.785575889804292
w2v_jawiki_d200_w12.model,400,64,100,tanh,sgd,0.01,0.0,0.0,0.7884231536926147,0.7547169811320755,0.7476635514018691,0.7511737089201878,0.7832394412061612
w2v_jawiki_d200_w12.model,200,64,100,tanh,sgd,0.01,0.001,0.0,0.7904191616766467,0.7511520737327189,0.7616822429906542,0.7563805104408353,0.7867644664430624
w2v_jawiki_d200_w12.model,300,64,100,tanh,sgd,0.01,0.001,0.0,0.7884231536926147,0.7596153846153846,0.7383177570093458,0.7488151658767772,0.7820508645673907
w2v_jawiki_d200_w12.model,400,64,100,tanh,sgd,0.01,0.001,0.0,0.7984031936127745,0.7677725118483413,0.7570093457943925,0.7623529411764706,0.7931388192386596
w2v_jawiki_d200_w12.model,200,64,100,tanh,sgd,0.001,0.0,0.0,0.7385229540918163,0.7371428571428571,0.6028037383177571,0.6632390745501285,0.7212624963365789
w2v_jawiki_d200_w12.model,300,64,100,tanh,sgd,0.001,0.0,0.0,0.7465069860279441,0.7185929648241206,0.6682242990654206,0.6924939467312349,0.7365511739229542
w2v_jawiki_d200_w12.model,400,64,100,tanh,sgd,0.001,0.0,0.0,0.7724550898203593,0.7475247524752475,0.705607476635514,0.7259615384615384,0.7639535641017291
w2v_jawiki_d200_w12.model,200,64,100,tanh,sgd,0.001,0.001,0.0,0.7365269461077845,0.7329545454545454,0.6028037383177571,0.6615384615384615,0.7195203360578333
w2v_jawiki_d200_w12.model,300,64,100,tanh,sgd,0.001,0.001,0.0,0.7465069860279441,0.7185929648241206,0.6682242990654206,0.6924939467312349,0.7365511739229542
w2v_jawiki_d200_w12.model,400,64,100,tanh,sgd,0.001,0.001,0.0,0.7744510978043913,0.7512437810945274,0.705607476635514,0.727710843373494,0.7656957243804748
w2v_jawiki_d200_w12.model,200,64,100,relu,adam,0.1,0.0,0.0,0.6846307385229541,0.6573033707865169,0.5467289719626168,0.5969387755102041,0.6670927089778241
w2v_jawiki_d200_w12.model,300,64,100,relu,adam,0.1,0.0,0.0,0.688622754491018,0.6611111111111111,0.5560747663551402,0.6040609137055838,0.6717656061740858
w2v_jawiki_d200_w12.model,400,64,100,relu,adam,0.1,0.0,0.0,0.6926147704590818,0.6612903225806451,0.5747663551401869,0.615,0.6776270800091179
w2v_jawiki_d200_w12.model,200,64,100,relu,adam,0.1,0.001,0.0,0.5728542914171657,0.0,0.0,0.0,0.5
w2v_jawiki_d200_w12.model,300,64,100,relu,adam,0.1,0.001,0.0,0.5269461077844312,0.4734411085450346,0.9579439252336448,0.6336939721792889,0.5817594190628155
w2v_jawiki_d200_w12.model,400,64,100,relu,adam,0.1,0.001,0.0,0.4351297405189621,0.4305835010060362,1.0,0.6019690576652602,0.5069686411149826
w2v_jawiki_d200_w12.model,200,64,100,relu,adam,0.01,0.0,0.0,0.7664670658682635,0.7437185929648241,0.6915887850467289,0.7167070217917676,0.7569442183073367
w2v_jawiki_d200_w12.model,300,64,100,relu,adam,0.01,0.0,0.0,0.7724550898203593,0.7525252525252525,0.6962616822429907,0.7233009708737864,0.7627649874629586
w2v_jawiki_d200_w12.model,400,64,100,relu,adam,0.01,0.0,0.0,0.7345309381237525,0.7055837563451777,0.6495327102803738,0.6763990267639902,0.7237210589729395
w2v_jawiki_d200_w12.model,200,64,100,relu,adam,0.01,0.001,0.0,0.7844311377245509,0.7704081632653061,0.705607476635514,0.7365853658536585,0.774406525774203
w2v_jawiki_d200_w12.model,300,64,100,relu,adam,0.01,0.001,0.0,0.7784431137724551,0.7845303867403315,0.6635514018691588,0.7189873417721518,0.7638314500634992
w2v_jawiki_d200_w12.model,400,64,100,relu,adam,0.01,0.001,0.0,0.7824351297405191,0.7638190954773869,0.7102803738317757,0.7360774818401937,0.7732586538148426
w2v_jawiki_d200_w12.model,200,64,100,relu,adam,0.001,0.0,0.0,0.8383233532934131,0.8341708542713567,0.7757009345794392,0.8038740920096852,0.8303591780911133
w2v_jawiki_d200_w12.model,300,64,100,relu,adam,0.001,0.0,0.0,0.8303393213572854,0.8341968911917098,0.7523364485981309,0.7911547911547911,0.8204190953792049
w2v_jawiki_d200_w12.model,400,64,100,relu,adam,0.001,0.0,0.0,0.7704590818363274,0.7512690355329951,0.6915887850467289,0.7201946472019465,0.7604285388648281
w2v_jawiki_d200_w12.model,200,64,100,relu,adam,0.001,0.001,0.0,0.8203592814371258,0.8131313131313131,0.7523364485981309,0.7815533980582524,0.8117082939854765
w2v_jawiki_d200_w12.model,300,64,100,relu,adam,0.001,0.001,0.0,0.8343313373253493,0.8226600985221675,0.7803738317757009,0.8009592326139089,0.8274691458530073
w2v_jawiki_d200_w12.model,400,64,100,relu,adam,0.001,0.001,0.0,0.8303393213572854,0.8086124401913876,0.7897196261682243,0.7990543735224587,0.8251734019342865
w2v_jawiki_d200_w12.model,200,64,100,relu,sgd,0.1,0.0,0.0,0.8103792415169659,0.7902439024390244,0.7570093457943925,0.7732696897374701,0.8035917809111336
w2v_jawiki_d200_w12.model,300,64,100,relu,sgd,0.1,0.0,0.0,0.8143712574850299,0.7922705314009661,0.7663551401869159,0.7790973871733967,0.8082646781073953
w2v_jawiki_d200_w12.model,400,64,100,relu,sgd,0.1,0.0,0.0,0.8123752495009979,0.7912621359223301,0.7616822429906542,0.7761904761904762,0.8059282295092645
w2v_jawiki_d200_w12.model,200,64,100,relu,sgd,0.1,0.001,0.0,0.7724550898203593,0.7427184466019418,0.7149532710280374,0.7285714285714285,0.7651421407404995
w2v_jawiki_d200_w12.model,300,64,100,relu,sgd,0.1,0.001,0.0,0.7864271457085829,0.7559808612440191,0.7383177570093458,0.7470449172576832,0.7803087042886451
w2v_jawiki_d200_w12.model,400,64,100,relu,sgd,0.1,0.001,0.0,0.7924151696606786,0.7669902912621359,0.7383177570093458,0.7523809523809524,0.785535185124882
w2v_jawiki_d200_w12.model,200,64,100,relu,sgd,0.01,0.0,0.0,0.8043912175648703,0.7612612612612613,0.7897196261682243,0.7752293577981652,0.802525318310593
w2v_jawiki_d200_w12.model,300,64,100,relu,sgd,0.01,0.0,0.0,0.8043912175648703,0.7636363636363637,0.7850467289719626,0.7741935483870968,0.8019310299912079
w2v_jawiki_d200_w12.model,400,64,100,relu,sgd,0.01,0.0,0.0,0.8043912175648703,0.7710280373831776,0.7710280373831776,0.7710280373831776,0.8001481650330521
w2v_jawiki_d200_w12.model,200,64,100,relu,sgd,0.01,0.001,0.0,0.7385229540918163,0.8547008547008547,0.4672897196261682,0.6042296072507553,0.7040281350744082
w2v_jawiki_d200_w12.model,300,64,100,relu,sgd,0.01,0.001,0.0,0.8123752495009979,0.7884615384615384,0.7663551401869159,0.7772511848341233,0.8065225178286495
w2v_jawiki_d200_w12.model,400,64,100,relu,sgd,0.01,0.001,0.0,0.8143712574850299,0.7894736842105263,0.7710280373831776,0.7801418439716312,0.8088589664267805
w2v_jawiki_d200_w12.model,200,64,100,relu,sgd,0.001,0.0,0.0,0.6986027944111777,0.7480314960629921,0.4439252336448598,0.5571847507331378,0.6662134879025693
w2v_jawiki_d200_w12.model,300,64,100,relu,sgd,0.001,0.0,0.0,0.7445109780439122,0.7263157894736842,0.6448598130841121,0.6831683168316832,0.7318375720472826
w2v_jawiki_d200_w12.model,400,64,100,relu,sgd,0.001,0.0,0.0,0.7504990019960079,0.7258883248730964,0.6682242990654206,0.6958637469586375,0.7400354944804455
w2v_jawiki_d200_w12.model,200,64,100,relu,sgd,0.001,0.001,0.0,0.6986027944111777,0.7480314960629921,0.4439252336448598,0.5571847507331378,0.6662134879025693
w2v_jawiki_d200_w12.model,300,64,100,relu,sgd,0.001,0.001,0.0,0.7445109780439122,0.7263157894736842,0.6448598130841121,0.6831683168316832,0.7318375720472826
w2v_jawiki_d200_w12.model,400,64,100,relu,sgd,0.001,0.001,0.0,0.7504990019960079,0.7258883248730964,0.6682242990654206,0.6958637469586375,0.7400354944804455
w2v_jawiki_d200_w12.model,200,64,100,tanh,adam,0.1,0.0,0.5,0.4271457085828344,0.4271457085828344,1.0,0.5986013986013986,0.5
w2v_jawiki_d200_w12.model,300,64,100,tanh,adam,0.1,0.0,0.5,0.4271457085828344,0.4271457085828344,1.0,0.5986013986013986,0.5
w2v_jawiki_d200_w12.model,400,64,100,tanh,adam,0.1,0.0,0.5,0.4271457085828344,0.4271457085828344,1.0,0.5986013986013986,0.5
w2v_jawiki_d200_w12.model,200,64,100,tanh,adam,0.1,0.001,0.5,0.5948103792415169,0.6410256410256411,0.11682242990654206,0.1976284584980237,0.534020971050832
w2v_jawiki_d200_w12.model,300,64,100,tanh,adam,0.1,0.001,0.5,0.5588822355289421,0.4885245901639344,0.6962616822429907,0.5741811175337187,0.5763538376371748
w2v_jawiki_d200_w12.model,400,64,100,tanh,adam,0.1,0.001,0.5,0.5728542914171657,0.0,0.0,0.0,0.5
w2v_jawiki_d200_w12.model,200,64,100,tanh,adam,0.01,0.0,0.5,0.7544910179640718,0.7333333333333333,0.6682242990654206,0.6992665036674817,0.7435198150379368
w2v_jawiki_d200_w12.model,300,64,100,tanh,adam,0.01,0.0,0.5,0.7564870259481038,0.7446808510638298,0.6542056074766355,0.6965174129353234,0.743479110358527
w2v_jawiki_d200_w12.model,400,64,100,tanh,adam,0.01,0.0,0.5,0.7445109780439122,0.6990740740740741,0.705607476635514,0.7023255813953488,0.73956332019929
w2v_jawiki_d200_w12.model,200,64,100,tanh,adam,0.01,0.001,0.5,0.7784431137724551,0.7587939698492462,0.705607476635514,0.7312348668280871,0.7691800449379661
w2v_jawiki_d200_w12.model,300,64,100,tanh,adam,0.01,0.001,0.5,0.7944111776447106,0.7557603686635944,0.7663551401869159,0.7610208816705336,0.7908430753199388
w2v_jawiki_d200_w12.model,400,64,100,tanh,adam,0.01,0.001,0.5,0.7924151696606786,0.7835051546391752,0.7102803738317757,0.7450980392156863,0.7819694552085708
w2v_jawiki_d200_w12.model,200,64,100,tanh,adam,0.001,0.0,0.5,0.8163672654690619,0.7824074074074074,0.7897196261682243,0.7860465116279071,0.8129782799830669
w2v_jawiki_d200_w12.model,300,64,100,tanh,adam,0.001,0.0,0.5,0.7904191616766467,0.7658536585365854,0.7336448598130841,0.7494033412887828,0.7831987365267512
w2v_jawiki_d200_w12.model,400,64,100,tanh,adam,0.001,0.0,0.5,0.7984031936127745,0.7839195979899497,0.7289719626168224,0.7554479418886199,0.7895730893223487
w2v_jawiki_d200_w12.model,200,64,100,tanh,adam,0.001,0.001,0.5,0.8502994011976048,0.817351598173516,0.8364485981308412,0.8267898383371824,0.8485378879155949
w2v_jawiki_d200_w12.model,300,64,100,tanh,adam,0.001,0.001,0.5,0.844311377245509,0.8090909090909091,0.8317757009345794,0.8202764976958525,0.8427171187599726
w2v_jawiki_d200_w12.model,400,64,100,tanh,adam,0.001,0.001,0.5,0.8323353293413174,0.7981651376146789,0.8130841121495327,0.8055555555555556,0.829887003809958
w2v_jawiki_d200_w12.model,200,64,100,tanh,sgd,0.1,0.0,0.5,0.8023952095808383,0.7860696517412935,0.7383177570093458,0.7614457831325301,0.7942459865186102
w2v_jawiki_d200_w12.model,300,64,100,tanh,sgd,0.1,0.0,0.5,0.8083832335329342,0.7864077669902912,0.7570093457943925,0.7714285714285715,0.8018496206323878
w2v_jawiki_d200_w12.model,400,64,100,tanh,sgd,0.1,0.0,0.5,0.8063872255489022,0.7826086956521741,0.7570093457943925,0.7695961995249406,0.8001074603536422
w2v_jawiki_d200_w12.model,200,64,100,tanh,sgd,0.1,0.001,0.5,0.8063872255489022,0.8,0.7289719626168224,0.7628361858190709,0.7965417304373311
w2v_jawiki_d200_w12.model,300,64,100,tanh,sgd,0.1,0.001,0.5,0.7984031936127745,0.7783251231527094,0.7383177570093458,0.7577937649880095,0.7907616659611189
w2v_jawiki_d200_w12.model,400,64,100,tanh,sgd,0.1,0.001,0.5,0.8123752495009979,0.8061224489795918,0.7383177570093458,0.7707317073170732,0.8029567879123384
w2v_jawiki_d200_w12.model,200,64,100,tanh,sgd,0.01,0.0,0.5,0.7904191616766467,0.7711442786069652,0.7242990654205608,0.7469879518072289,0.7820101598879807
w2v_jawiki_d200_w12.model,300,64,100,tanh,sgd,0.01,0.0,0.5,0.7964071856287425,0.7641509433962265,0.7570093457943925,0.7605633802816901,0.7913966589599141
w2v_jawiki_d200_w12.model,400,64,100,tanh,sgd,0.01,0.0,0.5,0.7944111776447106,0.7581395348837209,0.7616822429906542,0.7599067599067599,0.7902487870005537
w2v_jawiki_d200_w12.model,200,64,100,tanh,sgd,0.01,0.001,0.5,0.8003992015968064,0.785,0.7336448598130841,0.7584541062801933,0.7919095379204794
w2v_jawiki_d200_w12.model,300,64,100,tanh,sgd,0.01,0.001,0.5,0.8163672654690619,0.7932692307692307,0.7710280373831776,0.7819905213270142,0.8106011267055261
w2v_jawiki_d200_w12.model,400,64,100,tanh,sgd,0.01,0.001,0.5,0.8083832335329342,0.7809523809523811,0.7663551401869159,0.7735849056603774,0.8030381972711583
w2v_jawiki_d200_w12.model,200,64,100,tanh,sgd,0.001,0.0,0.5,0.7385229540918163,0.7371428571428571,0.6028037383177571,0.6632390745501285,0.7212624963365789
w2v_jawiki_d200_w12.model,300,64,100,tanh,sgd,0.001,0.0,0.5,0.7485029940119761,0.72,0.6728971962616822,0.6956521739130435,0.7388876225210851
w2v_jawiki_d200_w12.model,400,64,100,tanh,sgd,0.001,0.0,0.5,0.7764471057884231,0.7524752475247525,0.7102803738317757,0.7307692307692307,0.7680321729786057
w2v_jawiki_d200_w12.model,200,64,100,tanh,sgd,0.001,0.001,0.5,0.7385229540918163,0.7371428571428571,0.6028037383177571,0.6632390745501285,0.7212624963365789
w2v_jawiki_d200_w12.model,300,64,100,tanh,sgd,0.001,0.001,0.5,0.7485029940119761,0.72,0.6728971962616822,0.6956521739130435,0.7388876225210851
w2v_jawiki_d200_w12.model,400,64,100,tanh,sgd,0.001,0.001,0.5,0.7764471057884231,0.7524752475247525,0.7102803738317757,0.7307692307692307,0.7680321729786057
w2v_jawiki_d200_w12.model,200,64,100,relu,adam,0.1,0.0,0.5,0.5728542914171657,0.0,0.0,0.0,0.5
w2v_jawiki_d200_w12.model,300,64,100,relu,adam,0.1,0.0,0.5,0.5728542914171657,0.0,0.0,0.0,0.5
w2v_jawiki_d200_w12.model,400,64,100,relu,adam,0.1,0.0,0.5,0.5728542914171657,0.0,0.0,0.0,0.5
w2v_jawiki_d200_w12.model,200,64,100,relu,adam,0.1,0.001,0.5,0.4271457085828344,0.4271457085828344,1.0,0.5986013986013986,0.5
w2v_jawiki_d200_w12.model,300,64,100,relu,adam,0.1,0.001,0.5,0.4271457085828344,0.4271457085828344,1.0,0.5986013986013986,0.5
w2v_jawiki_d200_w12.model,400,64,100,relu,adam,0.1,0.001,0.5,0.4271457085828344,0.4271457085828344,1.0,0.5986013986013986,0.5
w2v_jawiki_d200_w12.model,200,64,100,relu,adam,0.01,0.0,0.5,0.7544910179640718,0.7286432160804021,0.677570093457944,0.7021791767554479,0.7447083916767072
w2v_jawiki_d200_w12.model,300,64,100,relu,adam,0.01,0.0,0.5,0.7045908183632734,0.671875,0.6028037383177571,0.6354679802955665,0.691645771597903
w2v_jawiki_d200_w12.model,400,64,100,relu,adam,0.01,0.0,0.5,0.7145708582834331,0.6651162790697674,0.6682242990654206,0.6666666666666666,0.7086766094630238
w2v_jawiki_d200_w12.model,200,64,100,relu,adam,0.01,0.001,0.5,0.7884231536926147,0.7727272727272727,0.7149532710280374,0.7427184466019418,0.7790794229704646
w2v_jawiki_d200_w12.model,300,64,100,relu,adam,0.01,0.001,0.5,0.7964071856287425,0.7947368421052632,0.705607476635514,0.7475247524752475,0.7848594874466768
w2v_jawiki_d200_w12.model,400,64,100,relu,adam,0.01,0.001,0.5,0.7704590818363274,0.7512690355329951,0.6915887850467289,0.7201946472019465,0.7604285388648281
w2v_jawiki_d200_w12.model,200,64,100,relu,adam,0.001,0.0,0.5,0.8223552894211577,0.7880184331797235,0.7990654205607477,0.7935034802784223,0.8193933374580742
w2v_jawiki_d200_w12.model,300,64,100,relu,adam,0.001,0.0,0.5,0.7744510978043913,0.7393364928909952,0.7289719626168224,0.7341176470588235,0.7686671659774008
w2v_jawiki_d200_w12.model,400,64,100,relu,adam,0.001,0.0,0.5,0.7764471057884231,0.7475728155339806,0.7196261682242991,0.7333333333333333,0.7692207496173761
w2v_jawiki_d200_w12.model,200,64,100,relu,adam,0.001,0.001,0.5,0.8243512974051896,0.7837837837837838,0.8130841121495327,0.7981651376146789,0.8229183626949754
w2v_jawiki_d200_w12.model,300,64,100,relu,adam,0.001,0.001,0.5,0.8363273453093812,0.7972972972972973,0.8271028037383178,0.8119266055045872,0.8351541893256048
w2v_jawiki_d200_w12.model,400,64,100,relu,adam,0.001,0.001,0.5,0.8403193612774451,0.8073394495412844,0.8224299065420559,0.8148148148148148,0.8380442215637108
w2v_jawiki_d200_w12.model,200,64,100,relu,sgd,0.1,0.0,0.5,0.8263473053892215,0.8067632850241546,0.7803738317757009,0.7933491686460807,0.8205005047380247
w2v_jawiki_d200_w12.model,300,64,100,relu,sgd,0.1,0.0,0.5,0.8303393213572854,0.8056872037914692,0.794392523364486,0.8,0.8257676902536715
w2v_jawiki_d200_w12.model,400,64,100,relu,sgd,0.1,0.0,0.5,0.8323353293413174,0.8095238095238095,0.794392523364486,0.8018867924528302,0.8275098505324172
w2v_jawiki_d200_w12.model,200,64,100,relu,sgd,0.1,0.001,0.5,0.7744510978043913,0.7589743589743589,0.6915887850467289,0.7237163814180929,0.7639128594223192
w2v_jawiki_d200_w12.model,300,64,100,relu,sgd,0.1,0.001,0.5,0.780439121756487,0.8058823529411765,0.6401869158878505,0.7135416666666666,0.7626021687453189
w2v_jawiki_d200_w12.model,400,64,100,relu,sgd,0.1,0.001,0.5,0.7864271457085829,0.7442922374429224,0.7616822429906542,0.7528868360277137,0.7832801458855709
w2v_jawiki_d200_w12.model,200,64,100,relu,sgd,0.01,0.0,0.5,0.7944111776447106,0.7630331753554502,0.7523364485981309,0.7576470588235295,0.7890602103617832
w2v_jawiki_d200_w12.model,300,64,100,relu,sgd,0.01,0.0,0.5,0.8063872255489022,0.7746478873239436,0.7710280373831776,0.7728337236533958,0.8018903253117979
w2v_jawiki_d200_w12.model,400,64,100,relu,sgd,0.01,0.0,0.5,0.8103792415169659,0.7793427230046949,0.7757009345794392,0.7775175644028103,0.8059689341886743
w2v_jawiki_d200_w12.model,200,64,100,relu,sgd,0.01,0.001,0.5,0.7984031936127745,0.7652582159624414,0.7616822429906542,0.7634660421545667,0.7937331075580449
w2v_jawiki_d200_w12.model,300,64,100,relu,sgd,0.01,0.001,0.5,0.7984031936127745,0.7677725118483413,0.7570093457943925,0.7623529411764706,0.7931388192386596
w2v_jawiki_d200_w12.model,400,64,100,relu,sgd,0.01,0.001,0.5,0.8083832335329342,0.7757009345794392,0.7757009345794392,0.7757009345794392,0.8042267739099287
w2v_jawiki_d200_w12.model,200,64,100,relu,sgd,0.001,0.0,0.5,0.6866267465069861,0.7355371900826446,0.4158878504672897,0.5313432835820896,0.6521947963137842
w2v_jawiki_d200_w12.model,300,64,100,relu,sgd,0.001,0.0,0.5,0.7385229540918163,0.726775956284153,0.6214953271028038,0.6700251889168766,0.7236396496141196
w2v_jawiki_d200_w12.model,400,64,100,relu,sgd,0.001,0.0,0.5,0.7465069860279441,0.7208121827411168,0.6635514018691588,0.6909975669099757,0.7359568856035692
w2v_jawiki_d200_w12.model,200,64,100,relu,sgd,0.001,0.001,0.5,0.6866267465069861,0.7355371900826446,0.4158878504672897,0.5313432835820896,0.6521947963137842
w2v_jawiki_d200_w12.model,300,64,100,relu,sgd,0.001,0.001,0.5,0.7385229540918163,0.726775956284153,0.6214953271028038,0.6700251889168766,0.7236396496141196
w2v_jawiki_d200_w12.model,400,64,100,relu,sgd,0.001,0.001,0.5,0.7465069860279441,0.7208121827411168,0.6635514018691588,0.6909975669099757,0.7359568856035692
w2v_jawiki_d200_w12.model,200,64,200,tanh,adam,0.1,0.0,0.0,0.5728542914171657,0.0,0.0,0.0,0.5
w2v_jawiki_d200_w12.model,300,64,200,tanh,adam,0.1,0.0,0.0,0.5728542914171657,0.0,0.0,0.0,0.5
w2v_jawiki_d200_w12.model,400,64,200,tanh,adam,0.1,0.0,0.0,0.5728542914171657,0.0,0.0,0.0,0.5
w2v_jawiki_d200_w12.model,200,64,200,tanh,adam,0.1,0.001,0.0,0.4271457085828344,0.4271457085828344,1.0,0.5986013986013986,0.5
w2v_jawiki_d200_w12.model,300,64,200,tanh,adam,0.1,0.001,0.0,0.4271457085828344,0.4271457085828344,1.0,0.5986013986013986,0.5
w2v_jawiki_d200_w12.model,400,64,200,tanh,adam,0.1,0.001,0.0,0.4271457085828344,0.4271457085828344,1.0,0.5986013986013986,0.5
w2v_jawiki_d200_w12.model,200,64,200,tanh,adam,0.01,0.0,0.0,0.7744510978043913,0.7463414634146341,0.7149532710280374,0.7303102625298329,0.7668843010192452
w2v_jawiki_d200_w12.model,300,64,200,tanh,adam,0.01,0.0,0.0,0.7644710578842315,0.7352941176470589,0.7009345794392523,0.7177033492822966,0.7563906346673613
w2v_jawiki_d200_w12.model,400,64,200,tanh,adam,0.01,0.0,0.0,0.7644710578842315,0.7526315789473684,0.6682242990654206,0.7079207920792079,0.752230616431665
w2v_jawiki_d200_w12.model,200,64,200,tanh,adam,0.01,0.001,0.0,0.4271457085828344,0.4271457085828344,1.0,0.5986013986013986,0.5
w2v_jawiki_d200_w12.model,300,64,200,tanh,adam,0.01,0.001,0.0,0.4271457085828344,0.4271457085828344,1.0,0.5986013986013986,0.5
w2v_jawiki_d200_w12.model,400,64,200,tanh,adam,0.01,0.001,0.0,0.4271457085828344,0.4271457085828344,1.0,0.5986013986013986,0.5
w2v_jawiki_d200_w12.model,200,64,200,tanh,adam,0.001,0.0,0.0,0.7944111776447106,0.7605633802816901,0.7570093457943925,0.7587822014051522,0.7896544986811683
w2v_jawiki_d200_w12.model,300,64,200,tanh,adam,0.001,0.0,0.0,0.7864271457085829,0.7511737089201878,0.7476635514018691,0.7494145199063232,0.7814972809274154
w2v_jawiki_d200_w12.model,400,64,200,tanh,adam,0.001,0.0,0.0,0.7824351297405191,0.774869109947644,0.6915887850467289,0.7308641975308642,0.7708815005373021
w2v_jawiki_d200_w12.model,200,64,200,tanh,adam,0.001,0.001,0.0,0.8203592814371258,0.8333333333333334,0.7242990654205608,0.775,0.8081425640691654
w2v_jawiki_d200_w12.model,300,64,200,tanh,adam,0.001,0.001,0.0,0.8223552894211577,0.8205128205128205,0.7476635514018691,0.7823960880195602,0.812856165944837
w2v_jawiki_d200_w12.model,400,64,200,tanh,adam,0.001,0.001,0.0,0.8283433133732535,0.8106796116504854,0.7803738317757009,0.7952380952380952,0.8222426650167705
w2v_jawiki_d200_w12.model,200,64,200,tanh,sgd,0.1,0.0,0.0,0.8023952095808383,0.7777777777777778,0.7523364485981309,0.7648456057007126,0.7960288514767658
w2v_jawiki_d200_w12.model,300,64,200,tanh,sgd,0.1,0.0,0.0,0.8103792415169659,0.8020304568527918,0.7383177570093458,0.7688564476885644,0.8012146276335927
w2v_jawiki_d200_w12.model,400,64,200,tanh,sgd,0.1,0.0,0.0,0.8103792415169659,0.8020304568527918,0.7383177570093458,0.7688564476885644,0.8012146276335927
w2v_jawiki_d200_w12.model,200,64,200,tanh,sgd,0.1,0.001,0.0,0.8223552894211577,0.8140703517587939,0.7570093457943925,0.784503631961259,0.8140447425836074
w2v_jawiki_d200_w12.model,300,64,200,tanh,sgd,0.1,0.001,0.0,0.8103792415169659,0.7989949748743719,0.7429906542056075,0.7699757869249395,0.801808915952978
w2v_jawiki_d200_w12.model,400,64,200,tanh,sgd,0.1,0.001,0.0,0.7604790419161677,0.8405797101449275,0.5420560747663551,0.6590909090909091,0.7327005112507734
w2v_jawiki_d200_w12.model,200,64,200,tanh,sgd,0.01,0.0,0.0,0.7964071856287425,0.7828282828282829,0.7242990654205608,0.7524271844660194,0.7872366407242177
w2v_jawiki_d200_w12.model,300,64,200,tanh,sgd,0.01,0.0,0.0,0.7884231536926147,0.77,0.7196261682242991,0.7439613526570048,0.7796737112898499
w2v_jawiki_d200_w12.model,400,64,200,tanh,sgd,0.01,0.0,0.0,0.7924151696606786,0.7696078431372549,0.7336448598130841,0.7511961722488039,0.7849408968054968
w2v_jawiki_d200_w12.model,200,64,200,tanh,sgd,0.01,0.001,0.0,0.8023952095808383,0.7889447236180904,0.7336448598130841,0.7602905569007264,0.7936516981992249
w2v_jawiki_d200_w12.model,300,64,200,tanh,sgd,0.01,0.001,0.0,0.7944111776447106,0.7761194029850746,0.7289719626168224,0.7518072289156627,0.7860887687648572
w2v_jawiki_d200_w12.model,400,64,200,tanh,sgd,0.01,0.001,0.0,0.7984031936127745,0.775609756097561,0.7429906542056075,0.7589498806682577,0.7913559542805041
w2v_jawiki_d200_w12.model,200,64,200,tanh,sgd,0.001,0.0,0.0,0.7085828343313373,0.7151898734177216,0.5280373831775701,0.6075268817204301,0.6856214790452309
w2v_jawiki_d200_w12.model,300,64,200,tanh,sgd,0.001,0.0,0.0,0.7405189620758483,0.7333333333333333,0.616822429906542,0.6700507614213198,0.7247875215734801
w2v_jawiki_d200_w12.model,400,64,200,tanh,sgd,0.001,0.0,0.0,0.7784431137724551,0.7783783783783784,0.6728971962616822,0.7218045112781954,0.7650200267022698
w2v_jawiki_d200_w12.model,200,64,200,tanh,sgd,0.001,0.001,0.0,0.7045908183632734,0.7115384615384616,0.5186915887850467,0.6,0.6809485818489693
w2v_jawiki_d200_w12.model,300,64,200,tanh,sgd,0.001,0.001,0.0,0.7405189620758483,0.7333333333333333,0.616822429906542,0.6700507614213198,0.7247875215734801
w2v_jawiki_d200_w12.model,400,64,200,tanh,sgd,0.001,0.001,0.0,0.7784431137724551,0.7783783783783784,0.6728971962616822,0.7218045112781954,0.7650200267022698
w2v_jawiki_d200_w12.model,200,64,200,relu,adam,0.1,0.0,0.0,0.6526946107784432,0.5680272108843537,0.7803738317757009,0.65748031496063,0.6689325604871535
w2v_jawiki_d200_w12.model,300,64,200,relu,adam,0.1,0.0,0.0,0.6766467065868264,0.5977443609022557,0.7429906542056075,0.6625,0.6850841772770198
w2v_jawiki_d200_w12.model,400,64,200,relu,adam,0.1,0.0,0.0,0.6147704590818364,0.5275590551181102,0.9392523364485982,0.6756302521008404,0.656037318050083
w2v_jawiki_d200_w12.model,200,64,200,relu,adam,0.1,0.001,0.0,0.4271457085828344,0.4271457085828344,1.0,0.5986013986013986,0.5
w2v_jawiki_d200_w12.model,300,64,200,relu,adam,0.1,0.001,0.0,0.4271457085828344,0.4271457085828344,1.0,0.5986013986013986,0.5
w2v_jawiki_d200_w12.model,400,64,200,relu,adam,0.1,0.001,0.0,0.4271457085828344,0.4271457085828344,1.0,0.5986013986013986,0.5
w2v_jawiki_d200_w12.model,200,64,200,relu,adam,0.01,0.0,0.0,0.7504990019960079,0.7213930348258707,0.677570093457944,0.6987951807228916,0.741224071119216
w2v_jawiki_d200_w12.model,300,64,200,relu,adam,0.01,0.0,0.0,0.7504990019960079,0.7213930348258707,0.677570093457944,0.6987951807228916,0.741224071119216
w2v_jawiki_d200_w12.model,400,64,200,relu,adam,0.01,0.0,0.0,0.7445109780439122,0.7067307692307693,0.6869158878504673,0.6966824644549763,0.7371861669217494
w2v_jawiki_d200_w12.model,200,64,200,relu,adam,0.001,0.0,0.0,0.8363273453093812,0.8055555555555556,0.8130841121495327,0.8093023255813954,0.8333713243674492
w2v_jawiki_d200_w12.model,300,64,200,relu,adam,0.001,0.0,0.0,0.8343313373253493,0.7990867579908676,0.8177570093457944,0.8083140877598153,0.8322234524080889
w2v_jawiki_d200_w12.model,400,64,200,relu,adam,0.001,0.0,0.0,0.8343313373253493,0.8018433179723502,0.8130841121495327,0.8074245939675174,0.8316291640887037
w2v_jawiki_d200_w12.model,200,64,200,relu,adam,0.001,0.001,0.0,0.8203592814371258,0.7627118644067796,0.8411214953271028,0.8,0.8229997720537954
w2v_jawiki_d200_w12.model,300,64,200,relu,adam,0.001,0.001,0.0,0.8343313373253493,0.8133971291866029,0.794392523364486,0.8037825059101655,0.8292520108111628
w2v_jawiki_d200_w12.model,400,64,200,relu,adam,0.001,0.001,0.0,0.8163672654690619,0.805,0.7523364485981309,0.7777777777777778,0.8082239734279854
w2v_jawiki_d200_w12.model,200,64,200,relu,sgd,0.1,0.0,0.0,0.8183632734530938,0.7971014492753623,0.7710280373831776,0.7838479809976246,0.8123432869842716
w2v_jawiki_d200_w12.model,300,64,200,relu,sgd,0.1,0.0,0.0,0.8103792415169659,0.8082901554404145,0.7289719626168224,0.7665847665847666,0.8000260509948224
w2v_jawiki_d200_w12.model,400,64,200,relu,sgd,0.1,0.0,0.0,0.8163672654690619,0.8112244897959183,0.7429906542056075,0.775609756097561,0.8070353967892149
w2v_jawiki_d200_w12.model,200,64,200,relu,sgd,0.1,0.001,0.0,0.8043912175648703,0.79,0.7383177570093458,0.7632850241545893,0.7959881467973557
w2v_jawiki_d200_w12.model,300,64,200,relu,sgd,0.1,0.001,0.0,0.7944111776447106,0.7707317073170732,0.7383177570093458,0.7541766109785203,0.7872773454036276
w2v_jawiki_d200_w12.model,400,64,200,relu,sgd,0.1,0.001,0.0,0.8003992015968064,0.7794117647058824,0.7429906542056075,0.7607655502392344,0.7930981145592497
w2v_jawiki_d200_w12.model,200,64,200,relu,sgd,0.001,0.0,0.0,0.6986027944111777,0.7266187050359713,0.4719626168224299,0.5722379603399433,0.6697792178188804
w2v_jawiki_d200_w12.model,300,64,200,relu,sgd,0.001,0.0,0.0,0.7145708582834331,0.7204968944099379,0.5420560747663551,0.6186666666666667,0.6926308248396236
w2v_jawiki_d200_w12.model,400,64,200,relu,sgd,0.001,0.0,0.0,0.7604790419161677,0.7526881720430108,0.6542056074766355,0.7,0.7469634309160181
w2v_jawiki_d200_w12.model,200,64,200,relu,sgd,0.001,0.001,0.0,0.6966067864271457,0.7246376811594203,0.4672897196261682,0.5681818181818182,0.6674427692207496
w2v_jawiki_d200_w12.model,300,64,200,relu,sgd,0.001,0.001,0.0,0.7145708582834331,0.7204968944099379,0.5420560747663551,0.6186666666666667,0.6926308248396236
w2v_jawiki_d200_w12.model,400,64,200,relu,sgd,0.001,0.001,0.0,0.7584830339321357,0.7513513513513513,0.6495327102803738,0.6967418546365914,0.7446269823178873
w2v_jawiki_d200_w12.model,200,64,200,tanh,adam,0.1,0.0,0.5,0.4271457085828344,0.4271457085828344,1.0,0.5986013986013986,0.5
w2v_jawiki_d200_w12.model,300,64,200,tanh,adam,0.1,0.0,0.5,0.4271457085828344,0.4271457085828344,1.0,0.5986013986013986,0.5
w2v_jawiki_d200_w12.model,400,64,200,tanh,adam,0.1,0.0,0.5,0.5728542914171657,0.0,0.0,0.0,0.5
w2v_jawiki_d200_w12.model,200,64,200,tanh,adam,0.1,0.001,0.5,0.4271457085828344,0.4271457085828344,1.0,0.5986013986013986,0.5
w2v_jawiki_d200_w12.model,300,64,200,tanh,adam,0.1,0.001,0.5,0.4271457085828344,0.4271457085828344,1.0,0.5986013986013986,0.5
w2v_jawiki_d200_w12.model,400,64,200,tanh,adam,0.1,0.001,0.5,0.4271457085828344,0.4271457085828344,1.0,0.5986013986013986,0.5
w2v_jawiki_d200_w12.model,200,64,200,tanh,adam,0.001,0.0,0.5,0.8582834331337326,0.820627802690583,0.8551401869158879,0.8375286041189931,0.8578836823081182
w2v_jawiki_d200_w12.model,300,64,200,tanh,adam,0.001,0.0,0.5,0.7604790419161677,0.7281553398058253,0.7009345794392523,0.7142857142857143,0.7529063141098701
w2v_jawiki_d200_w12.model,400,64,200,tanh,adam,0.001,0.0,0.5,0.7644710578842315,0.7330097087378641,0.705607476635514,0.7190476190476189,0.7569849229867466
w2v_jawiki_d200_w12.model,200,64,200,tanh,adam,0.001,0.001,0.5,0.8343313373253493,0.7787234042553192,0.8551401869158879,0.8151447661469933,0.8369777589631705
w2v_jawiki_d200_w12.model,300,64,200,tanh,adam,0.001,0.001,0.5,0.8163672654690619,0.7961165048543689,0.7663551401869159,0.7809523809523811,0.8100068383861408
w2v_jawiki_d200_w12.model,400,64,200,tanh,adam,0.001,0.001,0.5,0.8343313373253493,0.8046511627906977,0.8084112149532711,0.8065268065268065,0.8310348757693184
w2v_jawiki_d200_w12.model,200,64,200,tanh,sgd,0.1,0.0,0.5,0.8043912175648703,0.7788461538461539,0.7570093457943925,0.7677725118483413,0.7983653000748966
w2v_jawiki_d200_w12.model,300,64,200,tanh,sgd,0.1,0.0,0.5,0.8023952095808383,0.7804878048780488,0.7476635514018691,0.7637231503579952,0.7954345631573806
w2v_jawiki_d200_w12.model,400,64,200,tanh,sgd,0.1,0.0,0.5,0.8143712574850299,0.8009950248756219,0.7523364485981309,0.7759036144578313,0.8064818131492396
w2v_jawiki_d200_w12.model,200,64,200,tanh,sgd,0.1,0.001,0.5,0.8023952095808383,0.7860696517412935,0.7383177570093458,0.7614457831325301,0.7942459865186102
w2v_jawiki_d200_w12.model,300,64,200,tanh,sgd,0.1,0.001,0.5,0.8083832335329342,0.7920792079207921,0.7476635514018691,0.7692307692307693,0.8006610439936175
w2v_jawiki_d200_w12.model,400,64,200,tanh,sgd,0.1,0.001,0.5,0.7684630738522954,0.7634408602150538,0.6635514018691588,0.71,0.7551206486697709
w2v_jawiki_d200_w12.model,200,64,200,tanh,sgd,0.001,0.0,0.5,0.6986027944111777,0.7058823529411765,0.5046728971962616,0.5885558583106267,0.6739392360545768
w2v_jawiki_d200_w12.model,300,64,200,tanh,sgd,0.001,0.0,0.5,0.7365269461077845,0.7329545454545454,0.6028037383177571,0.6615384615384615,0.7195203360578333
w2v_jawiki_d200_w12.model,400,64,200,tanh,sgd,0.001,0.0,0.5,0.7724550898203593,0.7688172043010753,0.6682242990654206,0.715,0.7591992575466476
w2v_jawiki_d200_w12.model,200,64,200,tanh,sgd,0.001,0.001,0.5,0.6986027944111777,0.7058823529411765,0.5046728971962616,0.5885558583106267,0.6739392360545768
w2v_jawiki_d200_w12.model,300,64,200,tanh,sgd,0.001,0.001,0.5,0.7365269461077845,0.7329545454545454,0.6028037383177571,0.6615384615384615,0.7195203360578333
w2v_jawiki_d200_w12.model,400,64,200,tanh,sgd,0.001,0.001,0.5,0.7704590818363274,0.7647058823529411,0.6682242990654206,0.7132169576059849,0.757457097267902
w2v_jawiki_d200_w12.model,200,64,200,relu,adam,0.1,0.0,0.5,0.4271457085828344,0.4271457085828344,1.0,0.5986013986013986,0.5
w2v_jawiki_d200_w12.model,300,64,200,relu,adam,0.1,0.0,0.5,0.4271457085828344,0.4271457085828344,1.0,0.5986013986013986,0.5
w2v_jawiki_d200_w12.model,400,64,200,relu,adam,0.1,0.0,0.5,0.4271457085828344,0.4271457085828344,1.0,0.5986013986013986,0.5
w2v_jawiki_d200_w12.model,200,64,200,relu,adam,0.1,0.001,0.5,0.5728542914171657,0.0,0.0,0.0,0.5
w2v_jawiki_d200_w12.model,300,64,200,relu,adam,0.1,0.001,0.5,0.5728542914171657,0.0,0.0,0.0,0.5
w2v_jawiki_d200_w12.model,400,64,200,relu,adam,0.1,0.001,0.5,0.5728542914171657,0.0,0.0,0.0,0.5
w2v_jawiki_d200_w12.model,200,64,200,relu,adam,0.001,0.0,0.5,0.8003992015968064,0.7821782178217822,0.7383177570093458,0.7596153846153846,0.7925038262398645
w2v_jawiki_d200_w12.model,300,64,200,relu,adam,0.001,0.0,0.5,0.8043912175648703,0.7871287128712872,0.7429906542056075,0.7644230769230769,0.7965824351167411
w2v_jawiki_d200_w12.model,400,64,200,relu,adam,0.001,0.0,0.5,0.8063872255489022,0.7881773399014779,0.7476635514018691,0.7673860911270983,0.798918883714872
w2v_jawiki_d200_w12.model,200,64,200,relu,adam,0.001,0.001,0.5,0.8343313373253493,0.7963800904977375,0.8224299065420559,0.8091954022988506,0.832817740727474
w2v_jawiki_d200_w12.model,300,64,200,relu,adam,0.001,0.001,0.5,0.846307385229541,0.8099547511312217,0.8364485981308412,0.8229885057471265,0.8450535673581034
w2v_jawiki_d200_w12.model,400,64,200,relu,adam,0.001,0.001,0.5,0.8483033932135728,0.8285714285714286,0.8130841121495327,0.8207547169811321,0.8438242860399232
w2v_jawiki_d200_w12.model,200,64,200,relu,sgd,0.1,0.0,0.5,0.8223552894211577,0.8048780487804879,0.7710280373831776,0.7875894988066826,0.8158276075417629
w2v_jawiki_d200_w12.model,300,64,200,relu,sgd,0.1,0.0,0.5,0.8223552894211577,0.8019323671497585,0.7757009345794392,0.7885985748218527,0.8164218958611482
w2v_jawiki_d200_w12.model,400,64,200,relu,sgd,0.1,0.0,0.5,0.8243512974051896,0.7971698113207547,0.7897196261682243,0.7934272300469484,0.8199469210980495
w2v_jawiki_d200_w12.model,200,64,200,relu,sgd,0.1,0.001,0.5,0.7964071856287425,0.7772277227722773,0.7336448598130841,0.7548076923076923,0.7884252173629879
w2v_jawiki_d200_w12.model,300,64,200,relu,sgd,0.1,0.001,0.5,0.7904191616766467,0.7534883720930232,0.7570093457943925,0.7552447552447552,0.7861701781236771
w2v_jawiki_d200_w12.model,400,64,200,relu,sgd,0.1,0.001,0.5,0.7964071856287425,0.7568807339449541,0.7710280373831776,0.7638888888888888,0.7931795239180697
w2v_jawiki_d200_w12.model,200,64,200,relu,sgd,0.001,0.0,0.5,0.6966067864271457,0.7313432835820896,0.4579439252336449,0.5632183908045977,0.6662541925819793
w2v_jawiki_d200_w12.model,300,64,200,relu,sgd,0.001,0.0,0.5,0.7145708582834331,0.7204968944099379,0.5420560747663551,0.6186666666666667,0.6926308248396236
w2v_jawiki_d200_w12.model,400,64,200,relu,sgd,0.001,0.0,0.5,0.7445109780439122,0.7415730337078652,0.616822429906542,0.6734693877551021,0.7282718421309715
w2v_jawiki_d200_w12.model,200,64,200,relu,sgd,0.001,0.001,0.5,0.6946107784431138,0.7293233082706767,0.4532710280373832,0.5590778097982709,0.6639177439838484
w2v_jawiki_d200_w12.model,300,64,200,relu,sgd,0.001,0.001,0.5,0.7145708582834331,0.7204968944099379,0.5420560747663551,0.6186666666666667,0.6926308248396236
w2v_jawiki_d200_w12.model,400,64,200,relu,sgd,0.001,0.001,0.5,0.7445109780439122,0.7415730337078652,0.616822429906542,0.6734693877551021,0.7282718421309715
w2v_jawiki_d200_w12.model,200,64,300,tanh,adam,0.1,0.0,0.0,0.4271457085828344,0.4271457085828344,1.0,0.5986013986013986,0.5
w2v_jawiki_d200_w12.model,300,64,300,tanh,adam,0.1,0.0,0.0,0.4271457085828344,0.4271457085828344,1.0,0.5986013986013986,0.5
w2v_jawiki_d200_w12.model,400,64,300,tanh,adam,0.1,0.0,0.0,0.5728542914171657,0.0,0.0,0.0,0.5
w2v_jawiki_d200_w12.model,200,64,300,tanh,adam,0.1,0.001,0.0,0.4530938123752495,0.4380165289256198,0.9906542056074766,0.6074498567335244,0.5214595069849229
w2v_jawiki_d200_w12.model,300,64,300,tanh,adam,0.1,0.001,0.0,0.6147704590818364,0.7692307692307693,0.14018691588785046,0.23715415019762845,0.5544140154352145
w2v_jawiki_d200_w12.model,400,64,300,tanh,adam,0.1,0.001,0.0,0.6067864271457086,0.9473684210526316,0.08411214953271028,0.15450643776824036,0.5403139144876095
w2v_jawiki_d200_w12.model,200,64,300,tanh,adam,0.001,0.0,0.0,0.8303393213572854,0.7972350230414746,0.8084112149532711,0.8027842227378191,0.8275505552118271
w2v_jawiki_d200_w12.model,300,64,300,tanh,adam,0.001,0.0,0.0,0.8163672654690619,0.7723214285714286,0.8084112149532711,0.7899543378995434,0.8153554332606077
w2v_jawiki_d200_w12.model,400,64,300,tanh,adam,0.001,0.0,0.0,0.8283433133732535,0.7990654205607477,0.7990654205607477,0.7990654205607477,0.8246198182943112
w2v_jawiki_d200_w12.model,200,64,300,tanh,adam,0.001,0.001,0.0,0.8423153692614771,0.8260869565217391,0.7990654205607477,0.8123515439429929,0.8368149402455307
w2v_jawiki_d200_w12.model,300,64,300,tanh,adam,0.001,0.001,0.0,0.844311377245509,0.8090909090909091,0.8317757009345794,0.8202764976958525,0.8427171187599726
w2v_jawiki_d200_w12.model,400,64,300,tanh,adam,0.001,0.001,0.0,0.846307385229541,0.8071748878923767,0.8411214953271028,0.8237986270022883,0.8456478556774888
w2v_jawiki_d200_w12.model,200,64,300,tanh,sgd,0.1,0.0,0.0,0.7944111776447106,0.7967914438502673,0.6962616822429907,0.7431421446384041,0.7819287505291608
w2v_jawiki_d200_w12.model,300,64,300,tanh,sgd,0.1,0.0,0.0,0.7924151696606786,0.7956989247311828,0.6915887850467289,0.74,0.77959230193103
w2v_jawiki_d200_w12.model,400,64,300,tanh,sgd,0.1,0.0,0.0,0.8043912175648703,0.7929292929292929,0.7336448598130841,0.7621359223300971,0.7953938584779707
w2v_jawiki_d200_w12.model,200,64,300,tanh,sgd,0.1,0.001,0.0,0.8003992015968064,0.785,0.7336448598130841,0.7584541062801933,0.7919095379204794
w2v_jawiki_d200_w12.model,300,64,300,tanh,sgd,0.1,0.001,0.0,0.7964071856287425,0.78,0.7289719626168224,0.7536231884057971,0.7878309290436029
w2v_jawiki_d200_w12.model,400,64,300,tanh,sgd,0.1,0.001,0.0,0.7984031936127745,0.7652582159624414,0.7616822429906542,0.7634660421545667,0.7937331075580449
w2v_jawiki_d200_w12.model,200,64,300,tanh,sgd,0.001,0.0,0.0,0.7245508982035929,0.7134831460674157,0.5934579439252337,0.6479591836734694,0.7078787977465892
w2v_jawiki_d200_w12.model,300,64,300,tanh,sgd,0.001,0.0,0.0,0.7904191616766467,0.7766497461928934,0.7149532710280374,0.7445255474452555,0.7808215832492102
w2v_jawiki_d200_w12.model,400,64,300,tanh,sgd,0.001,0.0,0.0,0.7964071856287425,0.7568807339449541,0.7710280373831776,0.7638888888888888,0.7931795239180697
w2v_jawiki_d200_w12.model,200,64,300,tanh,sgd,0.001,0.001,0.0,0.7245508982035929,0.7134831460674157,0.5934579439252337,0.6479591836734694,0.7078787977465892
w2v_jawiki_d200_w12.model,300,64,300,tanh,sgd,0.001,0.001,0.0,0.7904191616766467,0.7766497461928934,0.7149532710280374,0.7445255474452555,0.7808215832492102
w2v_jawiki_d200_w12.model,400,64,300,tanh,sgd,0.001,0.001,0.0,0.8003992015968064,0.7614678899082569,0.7757009345794392,0.7685185185185185,0.7972581327949462
w2v_jawiki_d200_w12.model,200,64,300,relu,adam,0.1,0.0,0.0,0.4271457085828344,0.4271457085828344,1.0,0.5986013986013986,0.5
w2v_jawiki_d200_w12.model,300,64,300,relu,adam,0.1,0.0,0.0,0.4271457085828344,0.4271457085828344,1.0,0.5986013986013986,0.5
w2v_jawiki_d200_w12.model,400,64,300,relu,adam,0.1,0.0,0.0,0.4271457085828344,0.4271457085828344,1.0,0.5986013986013986,0.5
w2v_jawiki_d200_w12.model,200,64,300,relu,adam,0.1,0.001,0.0,0.4271457085828344,0.4271457085828344,1.0,0.5986013986013986,0.5
w2v_jawiki_d200_w12.model,300,64,300,relu,adam,0.1,0.001,0.0,0.4271457085828344,0.4271457085828344,1.0,0.5986013986013986,0.5
w2v_jawiki_d200_w12.model,400,64,300,relu,adam,0.1,0.001,0.0,0.4271457085828344,0.4271457085828344,1.0,0.5986013986013986,0.5
w2v_jawiki_d200_w12.model,200,64,300,relu,adam,0.001,0.0,0.0,0.8343313373253493,0.8133971291866029,0.794392523364486,0.8037825059101655,0.8292520108111628
w2v_jawiki_d200_w12.model,300,64,300,relu,adam,0.001,0.0,0.0,0.8303393213572854,0.8086124401913876,0.7897196261682243,0.7990543735224587,0.8251734019342865
w2v_jawiki_d200_w12.model,400,64,300,relu,adam,0.001,0.0,0.0,0.8383233532934131,0.812206572769953,0.8084112149532711,0.810304449648712,0.8345191963268098
w2v_jawiki_d200_w12.model,200,64,300,relu,adam,0.001,0.001,0.0,0.8343313373253493,0.8104265402843602,0.7990654205607477,0.8047058823529412,0.8298462991305481
w2v_jawiki_d200_w12.model,300,64,300,relu,adam,0.001,0.001,0.0,0.8363273453093812,0.8173076923076923,0.794392523364486,0.8056872037914692,0.8309941710899085
w2v_jawiki_d200_w12.model,400,64,300,relu,adam,0.001,0.001,0.0,0.8323353293413174,0.7876106194690266,0.8317757009345794,0.8090909090909091,0.8322641570874987
w2v_jawiki_d200_w12.model,200,64,300,relu,sgd,0.1,0.0,0.0,0.8083832335329342,0.795,0.7429906542056075,0.7681159420289855,0.8000667556742324
w2v_jawiki_d200_w12.model,300,64,300,relu,sgd,0.1,0.0,0.0,0.8083832335329342,0.795,0.7429906542056075,0.7681159420289855,0.8000667556742324
w2v_jawiki_d200_w12.model,400,64,300,relu,sgd,0.1,0.0,0.0,0.8043912175648703,0.7761904761904762,0.7616822429906542,0.7688679245283019,0.7989595883942819
w2v_jawiki_d200_w12.model,200,64,300,relu,sgd,0.1,0.001,0.0,0.7924151696606786,0.775,0.7242990654205608,0.7487922705314008,0.7837523201667264
w2v_jawiki_d200_w12.model,300,64,300,relu,sgd,0.1,0.001,0.0,0.7225548902195609,0.6237623762376238,0.883177570093458,0.7311411992263056,0.7429825132697255
w2v_jawiki_d200_w12.model,400,64,300,relu,sgd,0.1,0.001,0.0,0.7864271457085829,0.7535545023696683,0.7429906542056075,0.7482352941176471,0.7809029926080303
w2v_jawiki_d200_w12.model,200,64,300,relu,sgd,0.001,0.0,0.0,0.7145708582834331,0.7177914110429447,0.5467289719626168,0.6206896551724138,0.6932251131590088
w2v_jawiki_d200_w12.model,300,64,300,relu,sgd,0.001,0.0,0.0,0.7504990019960079,0.7354497354497355,0.6495327102803738,0.6898263027295285,0.7376583412029047
w2v_jawiki_d200_w12.model,400,64,300,relu,sgd,0.001,0.0,0.0,0.8003992015968064,0.7688679245283019,0.7616822429906542,0.7652582159624414,0.7954752678367906
w2v_jawiki_d200_w12.model,200,64,300,relu,sgd,0.001,0.001,0.0,0.7145708582834331,0.7177914110429447,0.5467289719626168,0.6206896551724138,0.6932251131590088
w2v_jawiki_d200_w12.model,300,64,300,relu,sgd,0.001,0.001,0.0,0.7504990019960079,0.7354497354497355,0.6495327102803738,0.6898263027295285,0.7376583412029047
w2v_jawiki_d200_w12.model,400,64,300,relu,sgd,0.001,0.001,0.0,0.8003992015968064,0.7688679245283019,0.7616822429906542,0.7652582159624414,0.7954752678367906
w2v_jawiki_d200_w12.model,200,64,300,tanh,adam,0.1,0.0,0.5,0.4271457085828344,0.4271457085828344,1.0,0.5986013986013986,0.5
w2v_jawiki_d200_w12.model,300,64,300,tanh,adam,0.1,0.0,0.5,0.4271457085828344,0.4271457085828344,1.0,0.5986013986013986,0.5
w2v_jawiki_d200_w12.model,400,64,300,tanh,adam,0.1,0.0,0.5,0.4271457085828344,0.4271457085828344,1.0,0.5986013986013986,0.5
w2v_jawiki_d200_w12.model,200,64,300,tanh,adam,0.1,0.001,0.5,0.4271457085828344,0.4271457085828344,1.0,0.5986013986013986,0.5
w2v_jawiki_d200_w12.model,300,64,300,tanh,adam,0.1,0.001,0.5,0.4271457085828344,0.4271457085828344,1.0,0.5986013986013986,0.5
w2v_jawiki_d200_w12.model,400,64,300,tanh,adam,0.1,0.001,0.5,0.4271457085828344,0.4271457085828344,1.0,0.5986013986013986,0.5
w2v_jawiki_d200_w12.model,200,64,300,tanh,adam,0.001,0.0,0.5,0.8263473053892215,0.8009478672985783,0.7897196261682243,0.7952941176470588,0.8216890813767951
w2v_jawiki_d200_w12.model,300,64,300,tanh,adam,0.001,0.0,0.5,0.846307385229541,0.8156682027649771,0.8271028037383178,0.8213457076566125,0.8438649907193331
w2v_jawiki_d200_w12.model,400,64,300,tanh,adam,0.001,0.0,0.5,0.8263473053892215,0.8159203980099502,0.7663551401869159,0.7903614457831325,0.818717639779869
w2v_jawiki_d200_w12.model,200,64,300,tanh,adam,0.001,0.001,0.5,0.8483033932135728,0.8520408163265306,0.7803738317757009,0.8146341463414634,0.8396642678042269
w2v_jawiki_d200_w12.model,300,64,300,tanh,adam,0.001,0.001,0.5,0.8243512974051896,0.8423913043478259,0.7242990654205608,0.7788944723618091,0.8116268846266568
w2v_jawiki_d200_w12.model,400,64,300,tanh,adam,0.001,0.001,0.5,0.8323353293413174,0.7685950413223142,0.8691588785046729,0.8157894736842105,0.8370184636425804
w2v_jawiki_d200_w12.model,200,64,300,tanh,sgd,0.1,0.0,0.5,0.8043912175648703,0.8020833333333334,0.7196261682242991,0.7586206896551724,0.7936109935198149
w2v_jawiki_d200_w12.model,300,64,300,tanh,sgd,0.1,0.0,0.5,0.8023952095808383,0.8010471204188482,0.7149532710280374,0.7555555555555555,0.7912745449216841
w2v_jawiki_d200_w12.model,400,64,300,tanh,sgd,0.1,0.0,0.5,0.7984031936127745,0.7897435897435897,0.7196261682242991,0.7530562347188264,0.7883845126835781
w2v_jawiki_d200_w12.model,200,64,300,tanh,sgd,0.1,0.001,0.5,0.8003992015968064,0.7878787878787878,0.7289719626168224,0.7572815533980582,0.7913152496010941
w2v_jawiki_d200_w12.model,300,64,300,tanh,sgd,0.1,0.001,0.5,0.8083832335329342,0.797979797979798,0.7383177570093458,0.7669902912621359,0.7994724673548471
w2v_jawiki_d200_w12.model,400,64,300,tanh,sgd,0.1,0.001,0.5,0.8343313373253493,0.8104265402843602,0.7990654205607477,0.8047058823529412,0.8298462991305481
w2v_jawiki_d200_w12.model,200,64,300,tanh,sgd,0.001,0.0,0.5,0.7225548902195609,0.7094972067039106,0.5934579439252337,0.6463104325699746,0.7061366374678434
w2v_jawiki_d200_w12.model,300,64,300,tanh,sgd,0.001,0.0,0.5,0.7864271457085829,0.7743589743589744,0.705607476635514,0.7383863080684596,0.7761486860529486
w2v_jawiki_d200_w12.model,400,64,300,tanh,sgd,0.001,0.0,0.5,0.7944111776447106,0.7605633802816901,0.7570093457943925,0.7587822014051522,0.7896544986811683
w2v_jawiki_d200_w12.model,200,64,300,tanh,sgd,0.001,0.001,0.5,0.7225548902195609,0.7094972067039106,0.5934579439252337,0.6463104325699746,0.7061366374678434
w2v_jawiki_d200_w12.model,300,64,300,tanh,sgd,0.001,0.001,0.5,0.7864271457085829,0.7743589743589744,0.705607476635514,0.7383863080684596,0.7761486860529486
w2v_jawiki_d200_w12.model,400,64,300,tanh,sgd,0.001,0.001,0.5,0.7944111776447106,0.7605633802816901,0.7570093457943925,0.7587822014051522,0.7896544986811683
w2v_jawiki_d200_w12.model,200,64,300,relu,adam,0.1,0.0,0.5,0.4271457085828344,0.4271457085828344,1.0,0.5986013986013986,0.5
w2v_jawiki_d200_w12.model,300,64,300,relu,adam,0.1,0.0,0.5,0.4271457085828344,0.4271457085828344,1.0,0.5986013986013986,0.5
w2v_jawiki_d200_w12.model,400,64,300,relu,adam,0.1,0.0,0.5,0.4271457085828344,0.4271457085828344,1.0,0.5986013986013986,0.5
w2v_jawiki_d200_w12.model,200,64,300,relu,adam,0.1,0.001,0.5,0.4271457085828344,0.4271457085828344,1.0,0.5986013986013986,0.5
w2v_jawiki_d200_w12.model,300,64,300,relu,adam,0.1,0.001,0.5,0.4271457085828344,0.4271457085828344,1.0,0.5986013986013986,0.5
w2v_jawiki_d200_w12.model,400,64,300,relu,adam,0.1,0.001,0.5,0.4271457085828344,0.4271457085828344,1.0,0.5986013986013986,0.5
w2v_jawiki_d200_w12.model,200,64,300,relu,adam,0.001,0.0,0.5,0.8243512974051896,0.7971698113207547,0.7897196261682243,0.7934272300469484,0.8199469210980495
w2v_jawiki_d200_w12.model,300,64,300,relu,adam,0.001,0.0,0.5,0.8283433133732535,0.8047619047619048,0.7897196261682243,0.7971698113207547,0.8234312416555407
w2v_jawiki_d200_w12.model,400,64,300,relu,adam,0.001,0.0,0.5,0.8083832335329342,0.7920792079207921,0.7476635514018691,0.7692307692307693,0.8006610439936175
w2v_jawiki_d200_w12.model,200,64,300,relu,adam,0.001,0.001,0.5,0.844311377245509,0.8300970873786407,0.7990654205607477,0.8142857142857143,0.8385571005242762
w2v_jawiki_d200_w12.model,300,64,300,relu,adam,0.001,0.001,0.5,0.8502994011976048,0.8390243902439024,0.8037383177570093,0.8210023866348448,0.8443778696798984
w2v_jawiki_d200_w12.model,400,64,300,relu,adam,0.001,0.001,0.5,0.846307385229541,0.7842323651452282,0.883177570093458,0.8307692307692308,0.8509964505519556
w2v_jawiki_d200_w12.model,200,64,300,relu,sgd,0.1,0.0,0.5,0.8003992015968064,0.7740384615384616,0.7523364485981309,0.7630331753554502,0.7942866911980201
w2v_jawiki_d200_w12.model,300,64,300,relu,sgd,0.1,0.0,0.5,0.8003992015968064,0.7740384615384616,0.7523364485981309,0.7630331753554502,0.7942866911980201
w2v_jawiki_d200_w12.model,400,64,300,relu,sgd,0.1,0.0,0.5,0.8003992015968064,0.7663551401869159,0.7663551401869159,0.7663551401869159,0.7960695561561758
w2v_jawiki_d200_w12.model,200,64,300,relu,sgd,0.1,0.001,0.5,0.7724550898203593,0.7551020408163265,0.6915887850467289,0.7219512195121951,0.7621706991435737
w2v_jawiki_d200_w12.model,300,64,300,relu,sgd,0.1,0.001,0.5,0.8003992015968064,0.7766990291262136,0.7476635514018691,0.7619047619047619,0.7936924028786351
w2v_jawiki_d200_w12.model,400,64,300,relu,sgd,0.1,0.001,0.5,0.8043912175648703,0.7735849056603774,0.7663551401869159,0.7699530516431925,0.7995538767136671
w2v_jawiki_d200_w12.model,200,64,300,relu,sgd,0.001,0.0,0.5,0.7165668662674649,0.7222222222222222,0.5467289719626168,0.6223404255319149,0.6949672734377543
w2v_jawiki_d200_w12.model,300,64,300,relu,sgd,0.001,0.0,0.5,0.7405189620758483,0.7307692307692307,0.6214953271028038,0.6717171717171717,0.7253818098928653
w2v_jawiki_d200_w12.model,400,64,300,relu,sgd,0.001,0.0,0.5,0.8003992015968064,0.7740384615384616,0.7523364485981309,0.7630331753554502,0.7942866911980201
w2v_jawiki_d200_w12.model,200,64,300,relu,sgd,0.001,0.001,0.5,0.7165668662674649,0.7222222222222222,0.5467289719626168,0.6223404255319149,0.6949672734377543
w2v_jawiki_d200_w12.model,300,64,300,relu,sgd,0.001,0.001,0.5,0.7425149700598802,0.73224043715847,0.6261682242990654,0.6750629722921915,0.7277182584909959
w2v_jawiki_d200_w12.model,400,64,300,relu,sgd,0.001,0.001,0.5,0.7984031936127745,0.7703349282296651,0.7523364485981309,0.7612293144208038,0.7925445309192746
w2v_jawiki_d200_w12.model,200,128,100,tanh,adam,0.1,0.0,0.0,0.4271457085828344,0.4271457085828344,1.0,0.5986013986013986,0.5
w2v_jawiki_d200_w12.model,300,128,100,tanh,adam,0.1,0.0,0.0,0.4271457085828344,0.4271457085828344,1.0,0.5986013986013986,0.5
w2v_jawiki_d200_w12.model,400,128,100,tanh,adam,0.1,0.0,0.0,0.4271457085828344,0.4271457085828344,1.0,0.5986013986013986,0.5
w2v_jawiki_d200_w12.model,200,128,100,tanh,adam,0.1,0.001,0.0,0.4271457085828344,0.4271457085828344,1.0,0.5986013986013986,0.5
w2v_jawiki_d200_w12.model,300,128,100,tanh,adam,0.1,0.001,0.0,0.4271457085828344,0.4271457085828344,1.0,0.5986013986013986,0.5
w2v_jawiki_d200_w12.model,400,128,100,tanh,adam,0.1,0.001,0.0,0.4271457085828344,0.4271457085828344,1.0,0.5986013986013986,0.5
w2v_jawiki_d200_w12.model,200,128,100,tanh,adam,0.001,0.0,0.0,0.8263473053892215,0.7873303167420814,0.8130841121495327,0.8,0.8246605229737209
w2v_jawiki_d200_w12.model,300,128,100,tanh,adam,0.001,0.0,0.0,0.8343313373253493,0.8358974358974359,0.7616822429906542,0.7970660146699267,0.8250919925754665
w2v_jawiki_d200_w12.model,400,128,100,tanh,adam,0.001,0.0,0.0,0.8263473053892215,0.8067632850241546,0.7803738317757009,0.7933491686460807,0.8205005047380247
w2v_jawiki_d200_w12.model,200,128,100,tanh,adam,0.001,0.001,0.0,0.8023952095808383,0.8285714285714286,0.677570093457944,0.7455012853470437,0.7865202383666026
w2v_jawiki_d200_w12.model,300,128,100,tanh,adam,0.001,0.001,0.0,0.8323353293413174,0.8494623655913979,0.7383177570093458,0.79,0.8203783906997948
w2v_jawiki_d200_w12.model,400,128,100,tanh,adam,0.001,0.001,0.0,0.8403193612774451,0.8284313725490197,0.7897196261682243,0.8086124401913876,0.8338842033280145
w2v_jawiki_d200_w12.model,200,128,100,tanh,sgd,0.1,0.0,0.0,0.8103792415169659,0.7989949748743719,0.7429906542056075,0.7699757869249395,0.801808915952978
w2v_jawiki_d200_w12.model,300,128,100,tanh,sgd,0.1,0.0,0.0,0.8083832335329342,0.7920792079207921,0.7476635514018691,0.7692307692307693,0.8006610439936175
w2v_jawiki_d200_w12.model,400,128,100,tanh,sgd,0.1,0.0,0.0,0.8123752495009979,0.803030303030303,0.7429906542056075,0.7718446601941747,0.8035510762317236
w2v_jawiki_d200_w12.model,200,128,100,tanh,sgd,0.1,0.001,0.0,0.8083832335329342,0.7892156862745098,0.7523364485981309,0.7703349282296651,0.8012553323130027
w2v_jawiki_d200_w12.model,300,128,100,tanh,sgd,0.1,0.001,0.0,0.8023952095808383,0.7860696517412935,0.7383177570093458,0.7614457831325301,0.7942459865186102
w2v_jawiki_d200_w12.model,400,128,100,tanh,sgd,0.1,0.001,0.0,0.8043912175648703,0.7815533980582524,0.7523364485981309,0.7666666666666667,0.7977710117555115
w2v_jawiki_d200_w12.model,200,128,100,tanh,sgd,0.001,0.0,0.0,0.6686626746506986,0.7352941176470589,0.3504672897196261,0.4746835443037974,0.6281953173336807
w2v_jawiki_d200_w12.model,300,128,100,tanh,sgd,0.001,0.0,0.0,0.7025948103792415,0.7272727272727273,0.485981308411215,0.5826330532212886,0.6750464033345274
w2v_jawiki_d200_w12.model,400,128,100,tanh,sgd,0.001,0.0,0.0,0.7365269461077845,0.7329545454545454,0.6028037383177571,0.6615384615384615,0.7195203360578333
w2v_jawiki_d200_w12.model,200,128,100,tanh,sgd,0.001,0.001,0.0,0.6686626746506986,0.7352941176470589,0.3504672897196261,0.4746835443037974,0.6281953173336807
w2v_jawiki_d200_w12.model,300,128,100,tanh,sgd,0.001,0.001,0.0,0.7025948103792415,0.7272727272727273,0.485981308411215,0.5826330532212886,0.6750464033345274
w2v_jawiki_d200_w12.model,400,128,100,tanh,sgd,0.001,0.001,0.0,0.7365269461077845,0.7329545454545454,0.6028037383177571,0.6615384615384615,0.7195203360578333
w2v_jawiki_d200_w12.model,200,128,100,relu,adam,0.1,0.0,0.0,0.4271457085828344,0.4271457085828344,1.0,0.5986013986013986,0.5
w2v_jawiki_d200_w12.model,300,128,100,relu,adam,0.1,0.0,0.0,0.4271457085828344,0.4271457085828344,1.0,0.5986013986013986,0.5
w2v_jawiki_d200_w12.model,400,128,100,relu,adam,0.1,0.0,0.0,0.4271457085828344,0.4271457085828344,1.0,0.5986013986013986,0.5
w2v_jawiki_d200_w12.model,200,128,100,relu,adam,0.1,0.001,0.0,0.6866267465069861,0.6524064171122995,0.5700934579439252,0.6084788029925187,0.6718063108534956
w2v_jawiki_d200_w12.model,300,128,100,relu,adam,0.1,0.001,0.0,0.7245508982035929,0.668141592920354,0.705607476635514,0.6863636363636364,0.7221417174118338
w2v_jawiki_d200_w12.model,400,128,100,relu,adam,0.1,0.001,0.0,0.7285429141716567,0.6989795918367347,0.6401869158878505,0.6682926829268293,0.7173060014979323
w2v_jawiki_d200_w12.model,200,128,100,relu,adam,0.001,0.0,0.0,0.8303393213572854,0.7841409691629956,0.8317757009345794,0.8072562358276644,0.8305219968087528
w2v_jawiki_d200_w12.model,300,128,100,relu,adam,0.001,0.0,0.0,0.8103792415169659,0.8181818181818182,0.7149532710280374,0.7630922693266833,0.7982431860366669
w2v_jawiki_d200_w12.model,400,128,100,relu,adam,0.001,0.0,0.0,0.7884231536926147,0.7621359223300971,0.7336448598130841,0.7476190476190476,0.7814565762480054
w2v_jawiki_d200_w12.model,200,128,100,relu,adam,0.001,0.001,0.0,0.8083832335329342,0.7892156862745098,0.7523364485981309,0.7703349282296651,0.8012553323130027
w2v_jawiki_d200_w12.model,300,128,100,relu,adam,0.001,0.001,0.0,0.8083832335329342,0.8041237113402062,0.7289719626168224,0.7647058823529411,0.7982838907160769
w2v_jawiki_d200_w12.model,400,128,100,relu,adam,0.001,0.001,0.0,0.8163672654690619,0.7932692307692307,0.7710280373831776,0.7819905213270142,0.8106011267055261
w2v_jawiki_d200_w12.model,200,128,100,relu,sgd,0.1,0.0,0.0,0.7964071856287425,0.7692307692307693,0.7476635514018691,0.7582938388625592,0.7902080823211437
w2v_jawiki_d200_w12.model,300,128,100,relu,sgd,0.1,0.0,0.0,0.7984031936127745,0.7703349282296651,0.7523364485981309,0.7612293144208038,0.7925445309192746
w2v_jawiki_d200_w12.model,400,128,100,relu,sgd,0.1,0.0,0.0,0.7964071856287425,0.7718446601941747,0.7429906542056075,0.7571428571428571,0.7896137940017585
w2v_jawiki_d200_w12.model,200,128,100,relu,sgd,0.1,0.001,0.0,0.7904191616766467,0.7684729064039408,0.7289719626168224,0.7482014388489209,0.782604448207366
w2v_jawiki_d200_w12.model,300,128,100,relu,sgd,0.1,0.001,0.0,0.8063872255489022,0.7853658536585366,0.7523364485981309,0.7684964200477327,0.7995131720342571
w2v_jawiki_d200_w12.model,400,128,100,relu,sgd,0.1,0.001,0.0,0.7684630738522954,0.7401960784313726,0.705607476635514,0.7224880382775121,0.7604692435442378
w2v_jawiki_d200_w12.model,200,128,100,relu,sgd,0.001,0.0,0.0,0.6427145708582834,0.8888888888888888,0.18691588785046728,0.3088803088803089,0.5847471425315054
w2v_jawiki_d200_w12.model,300,128,100,relu,sgd,0.001,0.0,0.0,0.6526946107784432,0.7272727272727273,0.29906542056074764,0.423841059602649,0.6077208635904784
w2v_jawiki_d200_w12.model,400,128,100,relu,sgd,0.001,0.0,0.0,0.6986027944111777,0.7480314960629921,0.4439252336448598,0.5571847507331378,0.6662134879025693
w2v_jawiki_d200_w12.model,200,128,100,relu,sgd,0.001,0.001,0.0,0.6427145708582834,0.8888888888888888,0.18691588785046728,0.3088803088803089,0.5847471425315054
w2v_jawiki_d200_w12.model,300,128,100,relu,sgd,0.001,0.001,0.0,0.6546906187624749,0.7356321839080459,0.29906542056074764,0.425249169435216,0.609463023869224
w2v_jawiki_d200_w12.model,400,128,100,relu,sgd,0.001,0.001,0.0,0.6986027944111777,0.7480314960629921,0.4439252336448598,0.5571847507331378,0.6662134879025693
w2v_jawiki_d200_w12.model,200,128,100,tanh,adam,0.1,0.0,0.5,0.4271457085828344,0.4271457085828344,1.0,0.5986013986013986,0.5
w2v_jawiki_d200_w12.model,300,128,100,tanh,adam,0.1,0.0,0.5,0.4271457085828344,0.4271457085828344,1.0,0.5986013986013986,0.5
w2v_jawiki_d200_w12.model,400,128,100,tanh,adam,0.1,0.0,0.5,0.4271457085828344,0.4271457085828344,1.0,0.5986013986013986,0.5
w2v_jawiki_d200_w12.model,200,128,100,tanh,adam,0.1,0.001,0.5,0.5748502994011976,0.5013550135501355,0.8644859813084113,0.6346483704974271,0.6116854993650069
w2v_jawiki_d200_w12.model,300,128,100,tanh,adam,0.1,0.001,0.5,0.6746506986027944,0.7383177570093458,0.3691588785046729,0.4922118380062305,0.6357989514474583
w2v_jawiki_d200_w12.model,400,128,100,tanh,adam,0.1,0.001,0.5,0.6666666666666666,0.6556291390728477,0.4626168224299066,0.5424657534246575,0.6407160767201798
w2v_jawiki_d200_w12.model,200,128,100,tanh,adam,0.001,0.0,0.5,0.8123752495009979,0.7884615384615384,0.7663551401869159,0.7772511848341233,0.8065225178286495
w2v_jawiki_d200_w12.model,300,128,100,tanh,adam,0.001,0.0,0.5,0.8143712574850299,0.7894736842105263,0.7710280373831776,0.7801418439716312,0.8088589664267805
w2v_jawiki_d200_w12.model,400,128,100,tanh,adam,0.001,0.0,0.5,0.8243512974051896,0.8,0.7850467289719626,0.7924528301886793,0.8193526327786641
w2v_jawiki_d200_w12.model,200,128,100,tanh,adam,0.001,0.001,0.5,0.8203592814371258,0.7743362831858407,0.8177570093457944,0.7954545454545454,0.8200283304568693
w2v_jawiki_d200_w12.model,300,128,100,tanh,adam,0.001,0.001,0.5,0.8203592814371258,0.7952380952380952,0.7803738317757009,0.7877358490566038,0.8152740239017878
w2v_jawiki_d200_w12.model,400,128,100,tanh,adam,0.001,0.001,0.5,0.8163672654690619,0.7723214285714286,0.8084112149532711,0.7899543378995434,0.8153554332606077
w2v_jawiki_d200_w12.model,200,128,100,tanh,sgd,0.1,0.0,0.5,0.7864271457085829,0.7715736040609137,0.7102803738317757,0.7396593673965937,0.7767429743723339
w2v_jawiki_d200_w12.model,300,128,100,tanh,sgd,0.1,0.0,0.5,0.7904191616766467,0.7738693467336684,0.7196261682242991,0.7457627118644068,0.7814158715685955
w2v_jawiki_d200_w12.model,400,128,100,tanh,sgd,0.1,0.0,0.5,0.7904191616766467,0.7766497461928934,0.7149532710280374,0.7445255474452555,0.7808215832492102
w2v_jawiki_d200_w12.model,200,128,100,tanh,sgd,0.1,0.001,0.5,0.7984031936127745,0.7897435897435897,0.7196261682242991,0.7530562347188264,0.7883845126835781
w2v_jawiki_d200_w12.model,300,128,100,tanh,sgd,0.1,0.001,0.5,0.7684630738522954,0.7752808988764045,0.6448598130841121,0.7040816326530612,0.7527434953922303
w2v_jawiki_d200_w12.model,400,128,100,tanh,sgd,0.1,0.001,0.5,0.8023952095808383,0.7889447236180904,0.7336448598130841,0.7602905569007264,0.7936516981992249
w2v_jawiki_d200_w12.model,200,128,100,tanh,sgd,0.001,0.0,0.5,0.6646706586826348,0.7395833333333334,0.3317757009345794,0.4580645161290322,0.6223338434986486
w2v_jawiki_d200_w12.model,300,128,100,tanh,sgd,0.001,0.0,0.5,0.7005988023952096,0.7352941176470589,0.4672897196261682,0.5714285714285714,0.670927089778241
w2v_jawiki_d200_w12.model,400,128,100,tanh,sgd,0.001,0.0,0.5,0.7385229540918163,0.7371428571428571,0.6028037383177571,0.6632390745501285,0.7212624963365789
w2v_jawiki_d200_w12.model,200,128,100,tanh,sgd,0.001,0.001,0.5,0.6626746506986028,0.7368421052631579,0.3271028037383177,0.4530744336569579,0.6199973949005178
w2v_jawiki_d200_w12.model,300,128,100,tanh,sgd,0.001,0.001,0.5,0.7005988023952096,0.7352941176470589,0.4672897196261682,0.5714285714285714,0.670927089778241
w2v_jawiki_d200_w12.model,400,128,100,tanh,sgd,0.001,0.001,0.5,0.7385229540918163,0.7371428571428571,0.6028037383177571,0.6632390745501285,0.7212624963365789
w2v_jawiki_d200_w12.model,200,128,100,relu,adam,0.1,0.0,0.5,0.4271457085828344,0.4271457085828344,1.0,0.5986013986013986,0.5
w2v_jawiki_d200_w12.model,300,128,100,relu,adam,0.1,0.0,0.5,0.4271457085828344,0.4271457085828344,1.0,0.5986013986013986,0.5
w2v_jawiki_d200_w12.model,400,128,100,relu,adam,0.1,0.0,0.5,0.4271457085828344,0.4271457085828344,1.0,0.5986013986013986,0.5
w2v_jawiki_d200_w12.model,200,128,100,relu,adam,0.1,0.001,0.5,0.4271457085828344,0.4271457085828344,1.0,0.5986013986013986,0.5
w2v_jawiki_d200_w12.model,300,128,100,relu,adam,0.1,0.001,0.5,0.4271457085828344,0.4271457085828344,1.0,0.5986013986013986,0.5
w2v_jawiki_d200_w12.model,400,128,100,relu,adam,0.1,0.001,0.5,0.4271457085828344,0.4271457085828344,1.0,0.5986013986013986,0.5
w2v_jawiki_d200_w12.model,200,128,100,relu,adam,0.001,0.0,0.5,0.8323353293413174,0.8095238095238095,0.794392523364486,0.8018867924528302,0.8275098505324172
w2v_jawiki_d200_w12.model,300,128,100,relu,adam,0.001,0.0,0.5,0.8363273453093812,0.7972972972972973,0.8271028037383178,0.8119266055045872,0.8351541893256048
w2v_jawiki_d200_w12.model,400,128,100,relu,adam,0.001,0.0,0.5,0.8323353293413174,0.8037383177570093,0.8037383177570093,0.8037383177570093,0.8286984271711876
w2v_jawiki_d200_w12.model,200,128,100,relu,adam,0.001,0.001,0.5,0.8243512974051896,0.7837837837837838,0.8130841121495327,0.7981651376146789,0.8229183626949754
w2v_jawiki_d200_w12.model,300,128,100,relu,adam,0.001,0.001,0.5,0.8263473053892215,0.8097560975609757,0.7757009345794392,0.7923627684964201,0.8199062164186395
w2v_jawiki_d200_w12.model,400,128,100,relu,adam,0.001,0.001,0.5,0.8203592814371258,0.7870370370370371,0.794392523364486,0.7906976744186046,0.8170568888599432
w2v_jawiki_d200_w12.model,200,128,100,relu,sgd,0.1,0.0,0.5,0.8063872255489022,0.7910447761194029,0.7429906542056075,0.7662650602409639,0.7983245953954866
w2v_jawiki_d200_w12.model,300,128,100,relu,sgd,0.1,0.0,0.5,0.8063872255489022,0.7881773399014779,0.7476635514018691,0.7673860911270983,0.798918883714872
w2v_jawiki_d200_w12.model,400,128,100,relu,sgd,0.1,0.0,0.5,0.8143712574850299,0.7980295566502463,0.7570093457943925,0.7769784172661871,0.8070761014686249
w2v_jawiki_d200_w12.model,200,128,100,relu,sgd,0.1,0.001,0.5,0.7644710578842315,0.7424242424242424,0.6869158878504673,0.7135922330097088,0.7546077697092057
w2v_jawiki_d200_w12.model,300,128,100,relu,sgd,0.1,0.001,0.5,0.7644710578842315,0.7330097087378641,0.705607476635514,0.7190476190476189,0.7569849229867466
w2v_jawiki_d200_w12.model,400,128,100,relu,sgd,0.1,0.001,0.5,0.7644710578842315,0.7352941176470589,0.7009345794392523,0.7177033492822966,0.7563906346673613
w2v_jawiki_d200_w12.model,200,128,100,relu,sgd,0.001,0.0,0.5,0.6427145708582834,0.8888888888888888,0.18691588785046728,0.3088803088803089,0.5847471425315054
w2v_jawiki_d200_w12.model,300,128,100,relu,sgd,0.001,0.0,0.5,0.656686626746507,0.7692307692307693,0.2803738317757009,0.410958904109589,0.6088280308704288
w2v_jawiki_d200_w12.model,400,128,100,relu,sgd,0.001,0.0,0.5,0.6866267465069861,0.7355371900826446,0.4158878504672897,0.5313432835820896,0.6521947963137842
w2v_jawiki_d200_w12.model,200,128,100,relu,sgd,0.001,0.001,0.5,0.6427145708582834,0.8888888888888888,0.18691588785046728,0.3088803088803089,0.5847471425315054
w2v_jawiki_d200_w12.model,300,128,100,relu,sgd,0.001,0.001,0.5,0.656686626746507,0.7763157894736842,0.2757009345794392,0.4068965517241379,0.6082337425510437
w2v_jawiki_d200_w12.model,400,128,100,relu,sgd,0.001,0.001,0.5,0.6826347305389222,0.7310924369747899,0.4065420560747664,0.5225225225225225,0.6475218991175226
w2v_jawiki_d200_w12.model,200,128,200,tanh,adam,0.1,0.0,0.0,0.5728542914171657,0.0,0.0,0.0,0.5
w2v_jawiki_d200_w12.model,300,128,200,tanh,adam,0.1,0.0,0.0,0.5728542914171657,0.0,0.0,0.0,0.5
w2v_jawiki_d200_w12.model,400,128,200,tanh,adam,0.1,0.0,0.0,0.5728542914171657,0.0,0.0,0.0,0.5
w2v_jawiki_d200_w12.model,200,128,200,tanh,adam,0.1,0.001,0.0,0.4271457085828344,0.4271457085828344,1.0,0.5986013986013986,0.5
w2v_jawiki_d200_w12.model,300,128,200,tanh,adam,0.1,0.001,0.0,0.4271457085828344,0.4271457085828344,1.0,0.5986013986013986,0.5
w2v_jawiki_d200_w12.model,400,128,200,tanh,adam,0.1,0.001,0.0,0.4271457085828344,0.4271457085828344,1.0,0.5986013986013986,0.5
w2v_jawiki_d200_w12.model,200,128,200,tanh,adam,0.001,0.0,0.0,0.8303393213572854,0.8,0.8037383177570093,0.8018648018648019,0.8269562668924421
w2v_jawiki_d200_w12.model,300,128,200,tanh,adam,0.001,0.0,0.0,0.8283433133732535,0.7782608695652173,0.8364485981308412,0.8063063063063063,0.8293741248493927
w2v_jawiki_d200_w12.model,400,128,200,tanh,adam,0.001,0.0,0.0,0.7824351297405191,0.7511961722488039,0.7336448598130841,0.7423167848699763,0.7762300954117686
w2v_jawiki_d200_w12.model,200,128,200,tanh,adam,0.001,0.001,0.0,0.8223552894211577,0.7906976744186046,0.794392523364486,0.7925407925407926,0.8187990491386891
w2v_jawiki_d200_w12.model,300,128,200,tanh,adam,0.001,0.001,0.0,0.8203592814371258,0.8131313131313131,0.7523364485981309,0.7815533980582524,0.8117082939854765
w2v_jawiki_d200_w12.model,400,128,200,tanh,adam,0.001,0.001,0.0,0.8203592814371258,0.7897196261682243,0.7897196261682243,0.7897196261682243,0.8164626005405582
w2v_jawiki_d200_w12.model,200,128,200,tanh,sgd,0.1,0.0,0.0,0.8063872255489022,0.7853658536585366,0.7523364485981309,0.7684964200477327,0.7995131720342571
w2v_jawiki_d200_w12.model,300,128,200,tanh,sgd,0.1,0.0,0.0,0.8063872255489022,0.7939698492462312,0.7383177570093458,0.7651331719128329,0.7977303070761015
w2v_jawiki_d200_w12.model,400,128,200,tanh,sgd,0.1,0.0,0.0,0.8083832335329342,0.7920792079207921,0.7476635514018691,0.7692307692307693,0.8006610439936175
w2v_jawiki_d200_w12.model,200,128,200,tanh,sgd,0.1,0.001,0.0,0.7964071856287425,0.7772277227722773,0.7336448598130841,0.7548076923076923,0.7884252173629879
w2v_jawiki_d200_w12.model,300,128,200,tanh,sgd,0.1,0.001,0.0,0.8023952095808383,0.7889447236180904,0.7336448598130841,0.7602905569007264,0.7936516981992249
w2v_jawiki_d200_w12.model,400,128,200,tanh,sgd,0.1,0.001,0.0,0.7944111776447106,0.7761194029850746,0.7289719626168224,0.7518072289156627,0.7860887687648572
w2v_jawiki_d200_w12.model,200,128,200,tanh,sgd,0.001,0.0,0.0,0.688622754491018,0.7735849056603774,0.3831775700934579,0.5125,0.6497769383568335
w2v_jawiki_d200_w12.model,300,128,200,tanh,sgd,0.001,0.0,0.0,0.6986027944111777,0.7333333333333333,0.4626168224299066,0.5673352435530086,0.6685906411801101
w2v_jawiki_d200_w12.model,400,128,200,tanh,sgd,0.001,0.0,0.0,0.7085828343313373,0.7151898734177216,0.5280373831775701,0.6075268817204301,0.6856214790452309
w2v_jawiki_d200_w12.model,200,128,200,tanh,sgd,0.001,0.001,0.0,0.6866267465069861,0.7714285714285715,0.37850467289719625,0.5078369905956113,0.6474404897587027
w2v_jawiki_d200_w12.model,300,128,200,tanh,sgd,0.001,0.001,0.0,0.6986027944111777,0.7333333333333333,0.4626168224299066,0.5673352435530086,0.6685906411801101
w2v_jawiki_d200_w12.model,400,128,200,tanh,sgd,0.001,0.001,0.0,0.7085828343313373,0.7151898734177216,0.5280373831775701,0.6075268817204301,0.6856214790452309
w2v_jawiki_d200_w12.model,200,128,200,relu,adam,0.1,0.0,0.0,0.4271457085828344,0.4271457085828344,1.0,0.5986013986013986,0.5
w2v_jawiki_d200_w12.model,300,128,200,relu,adam,0.1,0.0,0.0,0.4271457085828344,0.4271457085828344,1.0,0.5986013986013986,0.5
w2v_jawiki_d200_w12.model,400,128,200,relu,adam,0.1,0.0,0.0,0.4271457085828344,0.4271457085828344,1.0,0.5986013986013986,0.5
w2v_jawiki_d200_w12.model,200,128,200,relu,adam,0.1,0.001,0.0,0.4271457085828344,0.4271457085828344,1.0,0.5986013986013986,0.5
w2v_jawiki_d200_w12.model,300,128,200,relu,adam,0.1,0.001,0.0,0.4271457085828344,0.4271457085828344,1.0,0.5986013986013986,0.5
w2v_jawiki_d200_w12.model,400,128,200,relu,adam,0.1,0.001,0.0,0.4271457085828344,0.4271457085828344,1.0,0.5986013986013986,0.5
w2v_jawiki_d200_w12.model,200,128,200,relu,adam,0.001,0.0,0.0,0.8263473053892215,0.8067632850241546,0.7803738317757009,0.7933491686460807,0.8205005047380247
w2v_jawiki_d200_w12.model,300,128,200,relu,adam,0.001,0.0,0.0,0.8243512974051896,0.8028846153846154,0.7803738317757009,0.7914691943127962,0.8187583444592791
w2v_jawiki_d200_w12.model,400,128,200,relu,adam,0.001,0.0,0.0,0.8243512974051896,0.8,0.7850467289719626,0.7924528301886793,0.8193526327786641
w2v_jawiki_d200_w12.model,200,128,200,relu,adam,0.001,0.001,0.0,0.8303393213572854,0.7676348547717843,0.8644859813084113,0.8131868131868132,0.8346820150444495
w2v_jawiki_d200_w12.model,300,128,200,relu,adam,0.001,0.001,0.0,0.8183632734530938,0.8090452261306532,0.7523364485981309,0.7796610169491526,0.8099661337067309
w2v_jawiki_d200_w12.model,400,128,200,relu,adam,0.001,0.001,0.0,0.8243512974051896,0.7692307692307693,0.8411214953271028,0.8035714285714286,0.8264840926112865
w2v_jawiki_d200_w12.model,200,128,200,relu,sgd,0.1,0.0,0.0,0.8123752495009979,0.7857142857142857,0.7710280373831776,0.7783018867924528,0.8071168061480348
w2v_jawiki_d200_w12.model,300,128,200,relu,sgd,0.1,0.0,0.0,0.8183632734530938,0.8059701492537313,0.7570093457943925,0.7807228915662651,0.8105604220261161
w2v_jawiki_d200_w12.model,400,128,200,relu,sgd,0.1,0.0,0.0,0.8183632734530938,0.8059701492537313,0.7570093457943925,0.7807228915662651,0.8105604220261161
w2v_jawiki_d200_w12.model,200,128,200,relu,sgd,0.1,0.001,0.0,0.8103792415169659,0.7874396135265701,0.7616822429906542,0.7743467933491687,0.8041860692305187
w2v_jawiki_d200_w12.model,300,128,200,relu,sgd,0.1,0.001,0.0,0.8183632734530938,0.7942583732057417,0.7757009345794392,0.7848699763593381,0.8129375753036571
w2v_jawiki_d200_w12.model,400,128,200,relu,sgd,0.1,0.001,0.0,0.7325349301397206,0.7105263157894737,0.6308411214953271,0.6683168316831684,0.7196017454166531
w2v_jawiki_d200_w12.model,200,128,200,relu,sgd,0.001,0.0,0.0,0.6387225548902196,0.8235294117647058,0.19626168224299065,0.3169811320754717,0.5824513986127846
w2v_jawiki_d200_w12.model,300,128,200,relu,sgd,0.001,0.0,0.0,0.6786427145708582,0.7676767676767676,0.35514018691588783,0.4856230031948882,0.6375004070467941
w2v_jawiki_d200_w12.model,400,128,200,relu,sgd,0.001,0.0,0.0,0.6986027944111777,0.7266187050359713,0.4719626168224299,0.5722379603399433,0.6697792178188804
w2v_jawiki_d200_w12.model,200,128,200,relu,sgd,0.001,0.001,0.0,0.6387225548902196,0.8235294117647058,0.19626168224299065,0.3169811320754717,0.5824513986127846
w2v_jawiki_d200_w12.model,300,128,200,relu,sgd,0.001,0.001,0.0,0.6786427145708582,0.7676767676767676,0.35514018691588783,0.4856230031948882,0.6375004070467941
w2v_jawiki_d200_w12.model,400,128,200,relu,sgd,0.001,0.001,0.0,0.6986027944111777,0.7266187050359713,0.4719626168224299,0.5722379603399433,0.6697792178188804
w2v_jawiki_d200_w12.model,200,128,200,tanh,adam,0.1,0.0,0.5,0.4271457085828344,0.4271457085828344,1.0,0.5986013986013986,0.5
w2v_jawiki_d200_w12.model,300,128,200,tanh,adam,0.1,0.0,0.5,0.4271457085828344,0.4271457085828344,1.0,0.5986013986013986,0.5
w2v_jawiki_d200_w12.model,400,128,200,tanh,adam,0.1,0.0,0.5,0.5728542914171657,0.0,0.0,0.0,0.5
w2v_jawiki_d200_w12.model,200,128,200,tanh,adam,0.1,0.001,0.5,0.688622754491018,0.6666666666666666,0.5420560747663551,0.5979381443298969,0.6699827412159303
w2v_jawiki_d200_w12.model,300,128,200,tanh,adam,0.1,0.001,0.5,0.5888223552894212,0.5098039215686274,0.97196261682243,0.6688102893890675,0.6375492526620861
w2v_jawiki_d200_w12.model,400,128,200,tanh,adam,0.1,0.001,0.5,0.4271457085828344,0.4271457085828344,1.0,0.5986013986013986,0.5
w2v_jawiki_d200_w12.model,200,128,200,tanh,adam,0.001,0.0,0.5,0.8343313373253493,0.8226600985221675,0.7803738317757009,0.8009592326139089,0.8274691458530073
w2v_jawiki_d200_w12.model,300,128,200,tanh,adam,0.001,0.0,0.5,0.8243512974051896,0.7971698113207547,0.7897196261682243,0.7934272300469484,0.8199469210980495
w2v_jawiki_d200_w12.model,400,128,200,tanh,adam,0.001,0.0,0.5,0.8303393213572854,0.8028169014084507,0.7990654205607477,0.8009367681498829,0.8263619785730567
w2v_jawiki_d200_w12.model,200,128,200,tanh,adam,0.001,0.001,0.5,0.8203592814371258,0.7980769230769231,0.7757009345794392,0.7867298578199052,0.8146797355824025
w2v_jawiki_d200_w12.model,300,128,200,tanh,adam,0.001,0.001,0.5,0.8183632734530938,0.7942583732057417,0.7757009345794392,0.7848699763593381,0.8129375753036571
w2v_jawiki_d200_w12.model,400,128,200,tanh,adam,0.001,0.001,0.5,0.8363273453093812,0.8235294117647058,0.7850467289719626,0.8038277511961722,0.8298055944511382
w2v_jawiki_d200_w12.model,200,128,200,tanh,sgd,0.1,0.0,0.5,0.8043912175648703,0.7843137254901961,0.7476635514018691,0.7655502392344498,0.7971767234361263
w2v_jawiki_d200_w12.model,300,128,200,tanh,sgd,0.1,0.0,0.5,0.8103792415169659,0.7960199004975125,0.7476635514018691,0.7710843373493976,0.8024032042723632
w2v_jawiki_d200_w12.model,400,128,200,tanh,sgd,0.1,0.0,0.5,0.8083832335329342,0.7920792079207921,0.7476635514018691,0.7692307692307693,0.8006610439936175
w2v_jawiki_d200_w12.model,200,128,200,tanh,sgd,0.1,0.001,0.5,0.780439121756487,0.76,0.7102803738317757,0.7342995169082126,0.7715164935360971
w2v_jawiki_d200_w12.model,300,128,200,tanh,sgd,0.1,0.001,0.5,0.8003992015968064,0.7821782178217822,0.7383177570093458,0.7596153846153846,0.7925038262398645
w2v_jawiki_d200_w12.model,400,128,200,tanh,sgd,0.1,0.001,0.5,0.8043912175648703,0.7843137254901961,0.7476635514018691,0.7655502392344498,0.7971767234361263
w2v_jawiki_d200_w12.model,200,128,200,tanh,sgd,0.001,0.0,0.5,0.6806387225548902,0.7647058823529411,0.3644859813084112,0.4936708860759494,0.6404311439643102
w2v_jawiki_d200_w12.model,300,128,200,tanh,sgd,0.001,0.0,0.5,0.6966067864271457,0.7313432835820896,0.4579439252336449,0.5632183908045977,0.6662541925819793
w2v_jawiki_d200_w12.model,400,128,200,tanh,sgd,0.001,0.0,0.5,0.7025948103792415,0.7096774193548387,0.514018691588785,0.5962059620596206,0.6786121332508385
w2v_jawiki_d200_w12.model,200,128,200,tanh,sgd,0.001,0.001,0.5,0.6806387225548902,0.7647058823529411,0.3644859813084112,0.4936708860759494,0.6404311439643102
w2v_jawiki_d200_w12.model,300,128,200,tanh,sgd,0.001,0.001,0.5,0.6966067864271457,0.7313432835820896,0.4579439252336449,0.5632183908045977,0.6662541925819793
w2v_jawiki_d200_w12.model,400,128,200,tanh,sgd,0.001,0.001,0.5,0.7025948103792415,0.7096774193548387,0.514018691588785,0.5962059620596206,0.6786121332508385
w2v_jawiki_d200_w12.model,200,128,200,relu,adam,0.1,0.0,0.5,0.4271457085828344,0.4271457085828344,1.0,0.5986013986013986,0.5
w2v_jawiki_d200_w12.model,300,128,200,relu,adam,0.1,0.0,0.5,0.4271457085828344,0.4271457085828344,1.0,0.5986013986013986,0.5
w2v_jawiki_d200_w12.model,400,128,200,relu,adam,0.1,0.0,0.5,0.4271457085828344,0.4271457085828344,1.0,0.5986013986013986,0.5
w2v_jawiki_d200_w12.model,200,128,200,relu,adam,0.1,0.001,0.5,0.4271457085828344,0.4271457085828344,1.0,0.5986013986013986,0.5
w2v_jawiki_d200_w12.model,300,128,200,relu,adam,0.1,0.001,0.5,0.4271457085828344,0.4271457085828344,1.0,0.5986013986013986,0.5
w2v_jawiki_d200_w12.model,400,128,200,relu,adam,0.1,0.001,0.5,0.4271457085828344,0.4271457085828344,1.0,0.5986013986013986,0.5
w2v_jawiki_d200_w12.model,200,128,200,relu,adam,0.001,0.0,0.5,0.8363273453093812,0.8113207547169812,0.8037383177570093,0.8075117370892019,0.8321827477286788
w2v_jawiki_d200_w12.model,300,128,200,relu,adam,0.001,0.0,0.5,0.8383233532934131,0.824390243902439,0.7897196261682243,0.8066825775656324,0.832142043049269
w2v_jawiki_d200_w12.model,400,128,200,relu,adam,0.001,0.0,0.5,0.7924151696606786,0.775,0.7242990654205608,0.7487922705314008,0.7837523201667264
w2v_jawiki_d200_w12.model,200,128,200,relu,adam,0.001,0.001,0.5,0.8183632734530938,0.8,0.7663551401869159,0.7828162291169452,0.8117489986648865
w2v_jawiki_d200_w12.model,300,128,200,relu,adam,0.001,0.001,0.5,0.8223552894211577,0.7934272300469484,0.7897196261682243,0.7915690866510539,0.8182047608193038
w2v_jawiki_d200_w12.model,400,128,200,relu,adam,0.001,0.001,0.5,0.8163672654690619,0.7459677419354839,0.8644859813084113,0.8008658008658008,0.8224868930932301
w2v_jawiki_d200_w12.model,200,128,200,relu,sgd,0.1,0.0,0.5,0.8243512974051896,0.794392523364486,0.794392523364486,0.794392523364486,0.8205412094174346
w2v_jawiki_d200_w12.model,300,128,200,relu,sgd,0.1,0.0,0.5,0.8243512974051896,0.8058252427184466,0.7757009345794392,0.7904761904761904,0.8181640561398938
w2v_jawiki_d200_w12.model,400,128,200,relu,sgd,0.1,0.0,0.5,0.8183632734530938,0.8029556650246306,0.7616822429906542,0.7817745803357314,0.8111547103455014
w2v_jawiki_d200_w12.model,200,128,200,relu,sgd,0.1,0.001,0.5,0.8123752495009979,0.7884615384615384,0.7663551401869159,0.7772511848341233,0.8065225178286495
w2v_jawiki_d200_w12.model,300,128,200,relu,sgd,0.1,0.001,0.5,0.8223552894211577,0.8048780487804879,0.7710280373831776,0.7875894988066826,0.8158276075417629
w2v_jawiki_d200_w12.model,400,128,200,relu,sgd,0.1,0.001,0.5,0.8203592814371258,0.7952380952380952,0.7803738317757009,0.7877358490566038,0.8152740239017878
w2v_jawiki_d200_w12.model,200,128,200,relu,sgd,0.001,0.0,0.5,0.6367265469061876,0.82,0.19158878504672894,0.3106060606060606,0.5801149500146536
w2v_jawiki_d200_w12.model,300,128,200,relu,sgd,0.001,0.0,0.5,0.6646706586826348,0.75,0.3224299065420561,0.4509803921568628,0.6211452668598783
w2v_jawiki_d200_w12.model,400,128,200,relu,sgd,0.001,0.0,0.5,0.6966067864271457,0.7279411764705882,0.4626168224299066,0.5657142857142857,0.6668484809013644
w2v_jawiki_d200_w12.model,200,128,200,relu,sgd,0.001,0.001,0.5,0.6367265469061876,0.82,0.19158878504672894,0.3106060606060606,0.5801149500146536
w2v_jawiki_d200_w12.model,300,128,200,relu,sgd,0.001,0.001,0.5,0.6646706586826348,0.75,0.3224299065420561,0.4509803921568628,0.6211452668598783
w2v_jawiki_d200_w12.model,400,128,200,relu,sgd,0.001,0.001,0.5,0.6966067864271457,0.7279411764705882,0.4626168224299066,0.5657142857142857,0.6668484809013644
w2v_jawiki_d200_w12.model,200,128,300,tanh,adam,0.1,0.0,0.0,0.5728542914171657,0.0,0.0,0.0,0.5
w2v_jawiki_d200_w12.model,300,128,300,tanh,adam,0.1,0.0,0.0,0.5728542914171657,0.0,0.0,0.0,0.5
w2v_jawiki_d200_w12.model,400,128,300,tanh,adam,0.1,0.0,0.0,0.4271457085828344,0.4271457085828344,1.0,0.5986013986013986,0.5
w2v_jawiki_d200_w12.model,200,128,300,tanh,adam,0.1,0.001,0.0,0.4271457085828344,0.4271457085828344,1.0,0.5986013986013986,0.5
w2v_jawiki_d200_w12.model,300,128,300,tanh,adam,0.1,0.001,0.0,0.4271457085828344,0.4271457085828344,1.0,0.5986013986013986,0.5
w2v_jawiki_d200_w12.model,400,128,300,tanh,adam,0.1,0.001,0.0,0.4271457085828344,0.4271457085828344,1.0,0.5986013986013986,0.5
w2v_jawiki_d200_w12.model,200,128,300,tanh,adam,0.001,0.0,0.0,0.8243512974051896,0.7863636363636364,0.8084112149532711,0.7972350230414746,0.8223240743755902
w2v_jawiki_d200_w12.model,300,128,300,tanh,adam,0.001,0.0,0.0,0.8183632734530938,0.7914691943127962,0.7803738317757009,0.7858823529411765,0.8135318636230421
w2v_jawiki_d200_w12.model,400,128,300,tanh,adam,0.001,0.0,0.0,0.8163672654690619,0.7990196078431373,0.7616822429906542,0.7799043062200957,0.8094125500667557
w2v_jawiki_d200_w12.model,200,128,300,tanh,adam,0.001,0.001,0.0,0.8143712574850299,0.7951219512195122,0.7616822429906542,0.7780429594272077,0.80767038978801
w2v_jawiki_d200_w12.model,300,128,300,tanh,adam,0.001,0.001,0.0,0.8283433133732535,0.8333333333333334,0.7476635514018691,0.7881773399014779,0.8180826467810741
w2v_jawiki_d200_w12.model,400,128,300,tanh,adam,0.001,0.001,0.0,0.8203592814371258,0.8039215686274509,0.7663551401869159,0.7846889952153109,0.8134911589436322
w2v_jawiki_d200_w12.model,200,128,300,tanh,sgd,0.1,0.0,0.0,0.8043912175648703,0.8020833333333334,0.7196261682242991,0.7586206896551724,0.7936109935198149
w2v_jawiki_d200_w12.model,300,128,300,tanh,sgd,0.1,0.0,0.0,0.8023952095808383,0.7979274611398963,0.7196261682242991,0.7567567567567568,0.7918688332410693
w2v_jawiki_d200_w12.model,400,128,300,tanh,sgd,0.1,0.0,0.0,0.8143712574850299,0.7980295566502463,0.7570093457943925,0.7769784172661871,0.8070761014686249
w2v_jawiki_d200_w12.model,200,128,300,tanh,sgd,0.1,0.001,0.0,0.8143712574850299,0.8167539267015707,0.7289719626168224,0.7703703703703704,0.8035103715523136
w2v_jawiki_d200_w12.model,300,128,300,tanh,sgd,0.1,0.001,0.0,0.8043912175648703,0.8118279569892473,0.705607476635514,0.755,0.7918281285616594
w2v_jawiki_d200_w12.model,400,128,300,tanh,sgd,0.1,0.001,0.0,0.8103792415169659,0.7767441860465116,0.7803738317757009,0.7785547785547785,0.8065632225080596
w2v_jawiki_d200_w12.model,200,128,300,tanh,sgd,0.001,0.0,0.0,0.6766467065868264,0.703125,0.4205607476635514,0.5263157894736842,0.6440782832394412
w2v_jawiki_d200_w12.model,300,128,300,tanh,sgd,0.001,0.0,0.0,0.7045908183632734,0.7012195121951219,0.5373831775700935,0.6084656084656085,0.6833257351265101
w2v_jawiki_d200_w12.model,400,128,300,tanh,sgd,0.001,0.0,0.0,0.7225548902195609,0.7094972067039106,0.5934579439252337,0.6463104325699746,0.7061366374678434
w2v_jawiki_d200_w12.model,200,128,300,tanh,sgd,0.001,0.001,0.0,0.6766467065868264,0.703125,0.4205607476635514,0.5263157894736842,0.6440782832394412
w2v_jawiki_d200_w12.model,300,128,300,tanh,sgd,0.001,0.001,0.0,0.7045908183632734,0.7012195121951219,0.5373831775700935,0.6084656084656085,0.6833257351265101
w2v_jawiki_d200_w12.model,400,128,300,tanh,sgd,0.001,0.001,0.0,0.7225548902195609,0.7094972067039106,0.5934579439252337,0.6463104325699746,0.7061366374678434
w2v_jawiki_d200_w12.model,200,128,300,relu,adam,0.1,0.0,0.0,0.4271457085828344,0.4271457085828344,1.0,0.5986013986013986,0.5
w2v_jawiki_d200_w12.model,300,128,300,relu,adam,0.1,0.0,0.0,0.4271457085828344,0.4271457085828344,1.0,0.5986013986013986,0.5
w2v_jawiki_d200_w12.model,400,128,300,relu,adam,0.1,0.0,0.0,0.4271457085828344,0.4271457085828344,1.0,0.5986013986013986,0.5
w2v_jawiki_d200_w12.model,200,128,300,relu,adam,0.1,0.001,0.0,0.4271457085828344,0.4271457085828344,1.0,0.5986013986013986,0.5
w2v_jawiki_d200_w12.model,300,128,300,relu,adam,0.1,0.001,0.0,0.4271457085828344,0.4271457085828344,1.0,0.5986013986013986,0.5
w2v_jawiki_d200_w12.model,400,128,300,relu,adam,0.1,0.001,0.0,0.4271457085828344,0.4271457085828344,1.0,0.5986013986013986,0.5
w2v_jawiki_d200_w12.model,200,128,300,relu,adam,0.001,0.0,0.0,0.8423153692614771,0.8082191780821918,0.8271028037383178,0.8175519630484989,0.8403806701618418
w2v_jawiki_d200_w12.model,300,128,300,relu,adam,0.001,0.0,0.0,0.8323353293413174,0.7850877192982456,0.8364485981308412,0.8099547511312217,0.8328584454068841
w2v_jawiki_d200_w12.model,400,128,300,relu,adam,0.001,0.0,0.0,0.8363273453093812,0.7920353982300885,0.8364485981308412,0.8136363636363636,0.8363427659643753
w2v_jawiki_d200_w12.model,200,128,300,relu,adam,0.001,0.001,0.0,0.8243512974051896,0.8315789473684211,0.7383177570093458,0.7821782178217822,0.8134097495848123
w2v_jawiki_d200_w12.model,300,128,300,relu,adam,0.001,0.001,0.0,0.8203592814371258,0.8406593406593407,0.7149532710280374,0.7727272727272727,0.806953987430395
w2v_jawiki_d200_w12.model,400,128,300,relu,adam,0.001,0.001,0.0,0.8403193612774451,0.8045454545454546,0.8271028037383178,0.8156682027649771,0.8386385098830962
w2v_jawiki_d200_w12.model,200,128,300,relu,sgd,0.1,0.0,0.0,0.8143712574850299,0.8009950248756219,0.7523364485981309,0.7759036144578313,0.8064818131492396
w2v_jawiki_d200_w12.model,300,128,300,relu,sgd,0.1,0.0,0.0,0.8143712574850299,0.8009950248756219,0.7523364485981309,0.7759036144578313,0.8064818131492396
w2v_jawiki_d200_w12.model,400,128,300,relu,sgd,0.1,0.0,0.0,0.8143712574850299,0.7894736842105263,0.7710280373831776,0.7801418439716312,0.8088589664267805
w2v_jawiki_d200_w12.model,200,128,300,relu,sgd,0.1,0.001,0.0,0.8183632734530938,0.8029556650246306,0.7616822429906542,0.7817745803357314,0.8111547103455014
w2v_jawiki_d200_w12.model,300,128,300,relu,sgd,0.1,0.001,0.0,0.8123752495009979,0.7970297029702971,0.7523364485981309,0.7740384615384616,0.804739652870494
w2v_jawiki_d200_w12.model,400,128,300,relu,sgd,0.1,0.001,0.0,0.8223552894211577,0.7828054298642534,0.8084112149532711,0.7954022988505747,0.8205819140968446
w2v_jawiki_d200_w12.model,200,128,300,relu,sgd,0.001,0.0,0.0,0.6467065868263473,0.8135593220338984,0.22429906542056074,0.3516483516483517,0.5929857696440783
w2v_jawiki_d200_w12.model,300,128,300,relu,sgd,0.001,0.0,0.0,0.6786427145708582,0.7154471544715447,0.411214953271028,0.5222551928783383,0.6446318668794164
w2v_jawiki_d200_w12.model,400,128,300,relu,sgd,0.001,0.0,0.0,0.7145708582834331,0.7177914110429447,0.5467289719626168,0.6206896551724138,0.6932251131590088
w2v_jawiki_d200_w12.model,200,128,300,relu,sgd,0.001,0.001,0.0,0.6467065868263473,0.8135593220338984,0.22429906542056074,0.3516483516483517,0.5929857696440783
w2v_jawiki_d200_w12.model,300,128,300,relu,sgd,0.001,0.001,0.0,0.6786427145708582,0.7154471544715447,0.41121495327102797,0.5222551928783383,0.6446318668794164
w2v_jawiki_d200_w12.model,400,128,300,relu,sgd,0.001,0.001,0.0,0.7145708582834331,0.7177914110429447,0.5467289719626168,0.6206896551724138,0.6932251131590088
w2v_jawiki_d200_w12.model,200,128,300,tanh,adam,0.1,0.0,0.5,0.4271457085828344,0.4271457085828344,1.0,0.5986013986013986,0.5
w2v_jawiki_d200_w12.model,300,128,300,tanh,adam,0.1,0.0,0.5,0.5728542914171657,0.0,0.0,0.0,0.5
w2v_jawiki_d200_w12.model,400,128,300,tanh,adam,0.1,0.0,0.5,0.5728542914171657,0.0,0.0,0.0,0.5
w2v_jawiki_d200_w12.model,200,128,300,tanh,adam,0.1,0.001,0.5,0.6487025948103793,0.5698529411764706,0.7242990654205608,0.6378600823045267,0.65831678009704
w2v_jawiki_d200_w12.model,300,128,300,tanh,adam,0.1,0.001,0.5,0.6027944111776448,0.5233644859813084,0.7850467289719626,0.6280373831775701,0.6259728418378977
w2v_jawiki_d200_w12.model,400,128,300,tanh,adam,0.1,0.001,0.5,0.6526946107784432,0.6694915254237288,0.3691588785046729,0.4759036144578313,0.6166351883812563
w2v_jawiki_d200_w12.model,200,128,300,tanh,adam,0.001,0.0,0.5,0.8502994011976048,0.8116591928251121,0.8457943925233645,0.8283752860411899,0.8497264645543652
w2v_jawiki_d200_w12.model,300,128,300,tanh,adam,0.001,0.0,0.5,0.8423153692614771,0.8,0.8411214953271028,0.8200455580865603,0.8421635351199974
w2v_jawiki_d200_w12.model,400,128,300,tanh,adam,0.001,0.0,0.5,0.8483033932135728,0.8194444444444444,0.8271028037383178,0.8232558139534883,0.8456071509980788
w2v_jawiki_d200_w12.model,200,128,300,tanh,adam,0.001,0.001,0.5,0.8303393213572854,0.8,0.8037383177570093,0.8018648018648019,0.8269562668924421
w2v_jawiki_d200_w12.model,300,128,300,tanh,adam,0.001,0.001,0.5,0.8363273453093812,0.83,0.7757009345794392,0.8019323671497585,0.8286170178123677
w2v_jawiki_d200_w12.model,400,128,300,tanh,adam,0.001,0.001,0.5,0.8323353293413174,0.8125,0.7897196261682243,0.8009478672985783,0.826915562213032
w2v_jawiki_d200_w12.model,200,128,300,tanh,sgd,0.1,0.0,0.5,0.7864271457085829,0.7743589743589744,0.705607476635514,0.7383863080684596,0.7761486860529486
w2v_jawiki_d200_w12.model,300,128,300,tanh,sgd,0.1,0.0,0.5,0.7964071856287425,0.78,0.7289719626168224,0.7536231884057971,0.7878309290436029
w2v_jawiki_d200_w12.model,400,128,300,tanh,sgd,0.1,0.0,0.5,0.8003992015968064,0.7688679245283019,0.7616822429906542,0.7652582159624414,0.7954752678367906
w2v_jawiki_d200_w12.model,200,128,300,tanh,sgd,0.1,0.001,0.5,0.8083832335329342,0.795,0.7429906542056075,0.7681159420289855,0.8000667556742324
w2v_jawiki_d200_w12.model,300,128,300,tanh,sgd,0.1,0.001,0.5,0.7924151696606786,0.7894736842105263,0.7009345794392523,0.7425742574257426,0.7807808785698003
w2v_jawiki_d200_w12.model,400,128,300,tanh,sgd,0.1,0.001,0.5,0.8083832335329342,0.7657657657657657,0.794392523364486,0.7798165137614679,0.8066039271874695
w2v_jawiki_d200_w12.model,200,128,300,tanh,sgd,0.001,0.0,0.5,0.6766467065868264,0.7063492063492064,0.4158878504672897,0.5235294117647059,0.6434839949200559
w2v_jawiki_d200_w12.model,300,128,300,tanh,sgd,0.001,0.0,0.5,0.7005988023952096,0.6975308641975309,0.5280373831775701,0.6010638297872339,0.6786528379302483
w2v_jawiki_d200_w12.model,400,128,300,tanh,sgd,0.001,0.0,0.5,0.7225548902195609,0.7094972067039106,0.5934579439252337,0.6463104325699746,0.7061366374678434
w2v_jawiki_d200_w12.model,200,128,300,tanh,sgd,0.001,0.001,0.5,0.6766467065868264,0.7063492063492064,0.4158878504672897,0.5235294117647059,0.6434839949200559
w2v_jawiki_d200_w12.model,300,128,300,tanh,sgd,0.001,0.001,0.5,0.7005988023952096,0.6975308641975309,0.5280373831775701,0.6010638297872339,0.6786528379302483
w2v_jawiki_d200_w12.model,400,128,300,tanh,sgd,0.001,0.001,0.5,0.7225548902195609,0.7094972067039106,0.5934579439252337,0.6463104325699746,0.7061366374678434
